rouge1_f,rouge2_f,rougeL_f,latency_sec,compression_ratio,repetition_rate,top_k
0.5367965367965368,0.11353711790393013,0.2424242424242424,0.0006022000015946105,0.12660704304080492,0.02409638554216864,2
0.22535211267605634,0.028985507246376812,0.1971830985915493,0.0007479000050807372,0.026427962489343565,0.0,2
0.5504587155963302,0.13084112149532712,0.2935779816513761,0.000327900008414872,0.10155799192152337,0.02631578947368418,2
0.19230769230769232,0.12,0.15384615384615385,0.00020989999757148325,0.03619047619047619,0.0,2
0.4421052631578947,0.12903225806451615,0.25263157894736843,0.00027689999842550606,0.09843400447427293,0.0,2
0.4642857142857143,0.05454545454545454,0.26785714285714285,0.0007704000017838553,0.0433031218529708,0.0,2
0.6060606060606061,0.1443298969072165,0.2828282828282829,0.00019669999892357737,0.14928649835345773,0.0,2
0.5317919075144508,0.19883040935672514,0.33526011560693636,0.00021410000044852495,0.2937660119555935,0.0,2
0.6415094339622641,0.38461538461538464,0.4528301886792453,0.0003538000019034371,0.1147227533460803,0.0,2
0.44047619047619047,0.12048192771084339,0.22619047619047616,0.0005406999989645556,0.12056493282810886,0.09677419354838712,2
0.6410256410256411,0.2597402597402597,0.4102564102564103,0.00034440000308677554,0.11044262999570262,0.0,2
0.3972602739726027,0.04166666666666666,0.20547945205479454,0.0007237999961944297,0.08176593521421108,0.0,2
0.5544554455445544,0.2626262626262626,0.3564356435643564,0.00021779999951831996,0.1628303495311168,0.0,2
0.42372881355932207,0.06896551724137932,0.22033898305084745,0.00025769999774638563,0.16971470373079736,0.020408163265306145,2
0.5815602836879432,0.2014388489208633,0.31205673758865243,0.00030869999318383634,0.12583995113011606,0.0,2
0.3580246913580246,0.17500000000000002,0.19753086419753085,0.0002010000025620684,0.3759765625,0.01449275362318836,2
0.2,0.02941176470588235,0.14285714285714285,0.00026869999419432133,0.025720966484801246,0.0,2
0.35000000000000003,0.03389830508474576,0.2166666666666667,0.00061779998941347,0.032327586206896554,0.0,2
0.43609022556390975,0.1984732824427481,0.24060150375939848,0.00034980000054929405,0.1316831683168317,0.020408163265306145,2
0.4778761061946903,0.10810810810810811,0.26548672566371684,0.00026369999977760017,0.17882689556509299,0.0,2
0.1509433962264151,0.0,0.11320754716981131,0.00028079999901819974,0.06482982171799027,0.0,2
0.4509803921568628,0.18,0.35294117647058826,0.00023330000112764537,0.16630196936542668,0.0,2
0.34375,0.06451612903225808,0.1875,0.00016419999883510172,0.13504464285714285,0.0,2
0.5,0.02040816326530612,0.24,0.00044729998626280576,0.04925925925925926,0.0,2
0.5428571428571428,0.13043478260869565,0.2857142857142857,0.0008012000034796074,0.04272549567160011,0.0,2
0.6461538461538462,0.21875,0.3384615384615385,0.0002786999975796789,0.14878892733564014,0.0,2
0.5396825396825397,0.2741935483870968,0.2857142857142857,0.0004259999986970797,0.04919645785503444,0.0,2
0.4496124031007752,0.04724409448818897,0.2635658914728682,0.00018730000010691583,0.19715224534501644,0.0,2
0.5783132530120482,0.1234567901234568,0.3614457831325301,0.0006089000089559704,0.061224489795918366,0.0,2
0.5081967213114754,0.16666666666666666,0.3114754098360656,0.0003367000026628375,0.12723556463975472,0.0,2
0.6521739130434783,0.16176470588235295,0.3043478260869565,0.0006158000032883137,0.054245283018867926,0.0,2
0.45283018867924535,0.11464968152866241,0.25157232704402516,0.0004746999911731109,0.12572046109510088,0.0,2
0.4875621890547263,0.2814070351758794,0.3283582089552239,0.0004999999946448952,0.12216510432416088,0.015873015873015928,2
0.5517241379310344,0.20895522388059704,0.2660098522167488,0.0004667999892262742,0.11789819376026273,0.0,2
0.4504504504504504,0.11009174311926606,0.28828828828828834,0.0004608000017469749,0.051959114139693355,0.0,2
0.5348837209302325,0.09523809523809525,0.2558139534883721,0.0002263999922433868,0.1024978466838932,0.0,2
0.5052631578947367,0.15053763440860216,0.27368421052631575,0.00020130000484641641,0.17391304347826086,0.0,2
0.5882352941176471,0.029850746268656723,0.3088235294117647,0.0007197999948402867,0.03191709844559586,0.0,2
0.4731182795698925,0.10989010989010989,0.27956989247311825,0.000454399996669963,0.05112910097997444,0.0,2
0.54421768707483,0.1793103448275862,0.326530612244898,0.0006458999996539205,0.06426735218508997,0.0,2
0.0,0.0,0.0,0.00033379999513272196,0.009154550350026925,0.16666666666666663,2
0.5064935064935064,0.18421052631578946,0.27272727272727276,0.0006057999999029562,0.08837485172004746,0.0,2
0.5625,0.2553191489361702,0.2916666666666667,0.00018730000010691583,0.15906680805938495,0.0,2
0.6134969325153374,0.16149068322981366,0.28220858895705525,0.0006272000027820468,0.06826666666666667,0.039215686274509776,2
0.5,0.2380952380952381,0.33018867924528306,0.0002373000024817884,0.3294460641399417,0.012499999999999956,2
0.43076923076923074,0.12698412698412698,0.27692307692307694,0.0002705000079004094,0.06330837304288632,0.0,2
0.8324324324324324,0.6994535519125683,0.7351351351351352,0.00037399999564513564,0.12684124386252046,0.0,2
0.4770642201834862,0.09345794392523364,0.2752293577981651,0.0005024999991292134,0.060941828254847646,0.0,2
0.4873949579831933,0.05128205128205128,0.2689075630252101,0.00039829999150242656,0.07247749881572714,0.0,2
0.6013986013986014,0.1276595744680851,0.3216783216783216,0.00039409998862538487,0.10352831940575673,0.0,2
0.4337349397590361,0.024691358024691357,0.24096385542168677,0.00029690000519622117,0.05157232704402516,0.0,2
0.5169491525423728,0.1794871794871795,0.288135593220339,0.0003510000096866861,0.23877374784110536,0.15596330275229353,2
0.43636363636363634,0.07407407407407407,0.2545454545454546,0.0004526999982772395,0.06480248557478917,0.0,2
0.5714285714285715,0.183206106870229,0.28571428571428575,0.0001407000090694055,0.36459709379128136,0.0,2
0.5046728971962617,0.09523809523809523,0.3177570093457944,0.00039909999759402126,0.0900354071825999,0.0,2
0.6428571428571429,0.2926829268292683,0.40476190476190477,0.00027200000477023423,0.13482056256062075,0.0,2
0.47058823529411764,0.060606060606060615,0.3235294117647059,0.00041039999632630497,0.04433497536945813,0.0,2
0.4778761061946903,0.16216216216216217,0.3185840707964602,0.0002506000018911436,0.09297052154195011,0.0,2
0.5850340136054422,0.13793103448275862,0.2857142857142857,0.0005723000067519024,0.06296398130327192,0.022727272727272707,2
0.30508474576271183,0.03508771929824561,0.23728813559322037,0.00020120000408496708,0.052868391451068614,0.0,2
0.5842696629213482,0.16091954022988506,0.26966292134831465,0.0004157000075792894,0.05616498464238701,0.0,2
0.5104166666666666,0.23157894736842105,0.2916666666666667,0.00047130000893957913,0.13874726875455207,0.015625,2
0.3926940639269407,0.1382488479262673,0.2648401826484018,0.00027770000451710075,0.32800982800982803,0.2314814814814815,2
0.6315789473684211,0.2748091603053435,0.39097744360902253,0.0006658000056631863,0.055338031845471154,0.021276595744680882,2
0.5034013605442178,0.12413793103448273,0.2857142857142857,0.0003339000104460865,0.1579778830963665,0.0,2
0.5897435897435898,0.18181818181818182,0.2692307692307692,0.0002871999895432964,0.13442211055276382,0.0,2
0.5161290322580645,0.03278688524590164,0.27419354838709675,0.0003265000123064965,0.1444966092853417,0.05769230769230771,2
0.5165562913907285,0.174496644295302,0.2781456953642384,0.00022560000070370734,0.2527910685805423,0.0,2
0.37410071942446044,0.13138686131386865,0.21582733812949642,0.0002808999997796491,0.074375,0.0,2
0.26315789473684204,0.0,0.15789473684210528,0.0003688999859150499,0.05180787911494873,0.08333333333333337,2
0.5082872928176795,0.16759776536312848,0.25414364640883974,0.0005031000036979094,0.13312202852614896,0.06849315068493156,2
0.5945945945945946,0.08333333333333333,0.27027027027027023,0.000265499998931773,0.07890365448504984,0.0,2
0.36,0.2027027027027027,0.21333333333333335,0.0001967999996850267,0.29130087789305664,0.0,2
0.6055045871559632,0.11214953271028037,0.36697247706422026,0.0005109000048832968,0.079236276849642,0.0,2
0.5862068965517241,0.17543859649122806,0.3275862068965517,0.0003493999975034967,0.10222672064777327,0.04761904761904767,2
0.5681818181818181,0.13953488372093023,0.34090909090909094,0.000262100002146326,0.08156498673740054,0.0,2
0.5338078291814947,0.22939068100358423,0.2775800711743773,0.0004873000143561512,0.2143379663496708,0.0431034482758621,2
0.49541284403669716,0.05607476635514019,0.23853211009174313,0.0006626999966101721,0.028215556685307574,0.0,2
0.3777777777777777,0.04545454545454545,0.2,0.00019079999765381217,0.08878504672897196,0.0,2
0.524822695035461,0.08633093525179857,0.29787234042553196,0.00021729999571107328,0.23165704863973618,0.0,2
0.6239316239316239,0.2672413793103448,0.3247863247863248,0.0003665000112960115,0.21556603773584906,0.012499999999999956,2
0.46616541353383456,0.10687022900763359,0.2857142857142857,0.0004177000082563609,0.0773067331670823,0.0,2
0.4675324675324676,0.3842794759825327,0.4329004329004329,0.0003667999990284443,0.4539363484087102,0.009345794392523366,2
0.40350877192982454,0.07142857142857141,0.21052631578947367,0.00045229999523144215,0.041512535963830664,0.0,2
0.5165562913907285,0.10738255033557047,0.23841059602649006,0.0003662999952211976,0.13237113402061856,0.0,2
0.5490196078431373,0.11999999999999998,0.2549019607843137,0.0003178000042680651,0.10695187165775401,0.0,2
0.43410852713178294,0.12598425196850394,0.26356589147286824,0.0003206999972462654,0.11168384879725086,0.0,2
0.3780487804878049,0.06172839506172839,0.2073170731707317,0.0003956000000471249,0.15556492411467115,0.0,2
0.5882352941176471,0.20512820512820512,0.3025210084033613,0.0004219999973429367,0.0925589836660617,0.0,2
0.6153846153846154,0.31460674157303375,0.37362637362637363,0.00023770000552758574,0.14069456812110417,0.0,2
0.5425531914893618,0.08602150537634408,0.2127659574468085,0.00038749999657738954,0.15126382306477093,0.014705882352941124,2
0.37681159420289856,0.08955223880597013,0.2318840579710145,0.00026539999817032367,0.05642167780252413,0.0,2
0.5925925925925927,0.02531645569620253,0.29629629629629634,0.0003310999891255051,0.08060109289617487,0.0,2
0.6555555555555556,0.4044943820224719,0.4111111111111111,0.00019449999672360718,0.36113837095191365,0.015873015873015928,2
0.3287671232876712,0.02816901408450704,0.19178082191780824,0.00014459999511018395,0.10428571428571429,0.0,2
0.5203252032520326,0.1322314049586777,0.22764227642276422,0.0006689000001642853,0.04398260028999516,0.0,2
0.5585585585585586,0.1651376146788991,0.3243243243243243,0.0005002999969292432,0.10027347310847767,0.0,2
0.43478260869565216,0.08955223880597016,0.2898550724637681,0.00014560000272467732,0.13541666666666666,0.0,2
0.30973451327433627,0.1875,0.24778761061946905,0.00019099999917671084,0.50355871886121,0.039215686274509776,2
0.5471698113207547,0.19230769230769232,0.2830188679245283,0.00015950000670272857,0.244173140954495,0.0,2
0.20512820512820512,0.052631578947368425,0.12820512820512822,0.001076799992006272,0.005948334466349422,0.0,2
0.5732484076433121,0.12903225806451613,0.267515923566879,0.0008211999956984073,0.08993327531186539,0.016393442622950838,2
0.46341463414634143,0.2,0.29268292682926833,0.00042219999886583537,0.047619047619047616,0.0,2
0.4958677685950413,0.06722689075630252,0.24793388429752064,0.0005830000009154901,0.059076923076923075,0.0,2
0.4901960784313726,0.02,0.21568627450980393,0.0003220000071451068,0.10017678255745432,0.0,2
0.574712643678161,0.07058823529411765,0.2758620689655173,0.0005278999888105318,0.04919678714859438,0.0,2
0.5764705882352942,0.22619047619047622,0.31764705882352945,0.00036109999928157777,0.17018072289156627,0.0,2
0.5777777777777778,0.15909090909090912,0.2888888888888889,0.00019579999207053334,0.13636363636363635,0.0,2
0.5378151260504203,0.06837606837606837,0.2857142857142857,0.0006390000053215772,0.04082207207207207,0.0,2
0.35680751173708913,0.13270142180094788,0.22535211267605632,0.0006517000001622364,0.14905450500556172,0.06666666666666665,2
0.6,0.11363636363636363,0.33333333333333337,0.0008462999976472929,0.021507498026835044,0.0,2
0.6792452830188679,0.25,0.32075471698113206,0.00021699999342672527,0.13261648745519714,0.0,2
0.5529411764705882,0.08333333333333333,0.2588235294117647,0.0004931000003125519,0.11980609418282548,0.03614457831325302,2
0.512396694214876,0.10833333333333332,0.24793388429752067,0.0002562000008765608,0.35895676046671243,0.09782608695652173,2
0.4383561643835616,0.08450704225352113,0.2191780821917808,0.00025009999808389693,0.07056936647955092,0.0,2
0.6966292134831461,0.5517241379310344,0.6067415730337078,0.00022060000628698617,0.12404580152671756,0.0,2
0.4,0.10752688172043012,0.23157894736842108,0.0004881999921053648,0.030006743088334457,0.0,2
0.5806451612903226,0.18032786885245902,0.33870967741935487,0.0002455999929225072,0.18465655664585193,0.025000000000000022,2
0.6176470588235294,0.373134328358209,0.44117647058823534,0.00042350000876467675,0.10080134964150148,0.022222222222222254,2
0.5666666666666667,0.20224719101123595,0.3111111111111111,0.0002023999986704439,0.2953020134228188,0.01449275362318836,2
0.2770780856423174,0.11645569620253166,0.1914357682619648,0.0007286999898497015,0.21405544809800128,0.09248554913294793,2
0.4705882352941177,0.13675213675213674,0.26890756302521013,0.0002302999928360805,0.19793459552495696,0.0,2
0.6019417475728156,0.5882352941176471,0.6019417475728156,0.0004450999986147508,0.167816091954023,0.0,2
0.6040268456375839,0.28571428571428575,0.389261744966443,0.00021469999046530575,0.23314065510597304,0.0444444444444444,2
0.6666666666666666,0.37894736842105264,0.4375,0.0004380000027595088,0.14464646464646463,0.016129032258064502,2
0.6138613861386139,0.42424242424242425,0.4950495049504951,0.00021980000019539148,0.2604298356510746,0.0,2
0.6853146853146853,0.24113475177304966,0.3776223776223776,0.00032110000029206276,0.11484006292606187,0.0,2
0.21568627450980396,0.04,0.1568627450980392,0.0003136000013910234,0.041413583655438985,0.0,2
0.4545454545454545,0.14814814814814814,0.2545454545454546,0.00035770000249613076,0.12095933263816476,0.04878048780487809,2
0.36170212765957455,0.043478260869565216,0.2553191489361702,0.0003144999936921522,0.16102683780630106,0.0,2
0.378698224852071,0.15568862275449102,0.22485207100591717,0.0002263000060338527,0.3047244094488189,0.0,2
0.5263157894736843,0.19642857142857145,0.28070175438596495,0.0010853999992832541,0.026464760826493065,0.052631578947368474,2
0.32941176470588235,0.07228915662650602,0.21176470588235297,0.0005468000017572194,0.021834061135371178,0.0,2
0.5146198830409358,0.21301775147928992,0.2807017543859649,0.0004126999992877245,0.13707165109034267,0.0,2
0.6133333333333332,0.35616438356164387,0.5333333333333333,0.0002815000043483451,0.062085593731163354,0.0,2
0.48167539267015713,0.17989417989417988,0.33507853403141363,0.0005373000021791086,0.11722701576911633,0.11392405063291144,2
0.5692307692307692,0.125,0.26153846153846155,0.0003656000044429675,0.09819121447028424,0.0,2
0.6190476190476191,0.1935483870967742,0.36507936507936506,0.00035539999953471124,0.08974358974358974,0.0,2
0.5233644859813084,0.19047619047619047,0.2616822429906542,0.00021670000569429249,0.15984555984555984,0.0,2
0.5507246376811594,0.11764705882352941,0.2898550724637681,0.0003186000103596598,0.12478031634446397,0.0,2
0.4697986577181208,0.10884353741496598,0.24161073825503357,0.0005093000072520226,0.08351648351648351,0.0,2
0.6145251396648044,0.192090395480226,0.29050279329608936,0.0004186000005574897,0.1368421052631579,0.0,2
0.4545454545454546,0.07407407407407407,0.2545454545454546,0.0002527999895391986,0.09066666666666667,0.0,2
0.49760765550239233,0.1642512077294686,0.26794258373205737,0.0003108999953838065,0.24293193717277486,0.022471910112359605,2
0.7157894736842105,0.4301075268817204,0.37894736842105264,0.00014760000340174884,0.24382207578253706,0.0,2
0.507936507936508,0.11290322580645161,0.30158730158730157,0.000407300001825206,0.10330361824855794,0.0,2
0.5521472392638037,0.12422360248447203,0.31901840490797545,0.0002972999936901033,0.2364907819453274,0.05882352941176472,2
0.5,0.0392156862745098,0.28846153846153844,0.0007120000082068145,0.031941720369851496,0.0,2
0.6106870229007635,0.17054263565891473,0.3206106870229008,0.000458099995739758,0.08357956943858168,0.0,2
0.5483870967741935,0.11475409836065574,0.2903225806451613,0.0005011000030208379,0.079,0.0,2
0.5321100917431192,0.19444444444444445,0.29357798165137616,0.00038150000909809023,0.19896640826873385,0.0,2
0.5,0.10769230769230771,0.30303030303030304,0.00045780000800732523,0.11313717364276833,0.01666666666666672,2
0.48000000000000004,0.1020408163265306,0.26,0.00029409999842755497,0.10787878787878788,0.0,2
0.32452830188679244,0.18250950570342206,0.2037735849056604,0.00030300000798888505,0.3717878622197922,0.01680672268907568,2
0.3950617283950617,0.0759493670886076,0.24691358024691357,0.00021779999951831996,0.11936936936936937,0.0,2
0.2962962962962963,0.12658227848101267,0.19753086419753085,0.00024389999452978373,0.050434782608695654,0.0,2
0.4000000000000001,0.11382113821138211,0.224,0.00023720000172033906,0.2050179211469534,0.06451612903225812,2
0.49572649572649574,0.15652173913043477,0.3076923076923077,0.000414699999964796,0.0903199675982179,0.0,2
0.4615384615384615,0.11398963730569947,0.22564102564102564,0.0003265999985160306,0.2200424178154825,0.025974025974025983,2
0.5968586387434556,0.45502645502645506,0.32460732984293195,0.00041960000817198306,0.17845876520955387,0.02898550724637683,2
0.5230769230769231,0.171875,0.24615384615384617,0.00027520000003278255,0.21139430284857572,0.032786885245901676,2
0.6219512195121952,0.19753086419753085,0.34146341463414637,0.0009962999902199954,0.06779661016949153,0.0,2
0.5185185185185185,0.10526315789473684,0.23703703703703705,0.00030860000697430223,0.16145833333333334,0.0,2
0.5185185185185185,0.08750000000000001,0.25925925925925924,0.0005944000004092231,0.05779334500875657,0.022222222222222254,2
0.5106382978723404,0.043478260869565216,0.2553191489361702,0.0003189999988535419,0.1107242339832869,0.0,2
0.5042016806722689,0.10256410256410256,0.3025210084033613,0.00029090000316500664,0.1458469587965991,0.0,2
0.6265060240963854,0.3048780487804878,0.32530120481927716,0.0005369999998947605,0.07438512297540492,0.022222222222222254,2
0.5960264900662252,0.20134228187919467,0.2649006622516556,0.00042159999429713935,0.10437109723461195,0.022222222222222254,2
0.33663366336633666,0.0202020202020202,0.198019801980198,0.0005711999983759597,0.024293785310734464,0.0,2
0.5425531914893617,0.16129032258064516,0.24468085106382975,0.0003139999898849055,0.21043577981651376,0.01449275362318836,2
0.4225352112676056,0.15714285714285714,0.2676056338028169,0.0003679999936139211,0.21844660194174756,0.015625,2
0.4615384615384615,0.06349206349206349,0.27692307692307694,0.00027910000062547624,0.04252199413489736,0.0,2
0.4166666666666667,0.11267605633802817,0.23611111111111108,0.00019690000044647604,0.2959927140255009,0.0,2
0.39999999999999997,0.1946308724832215,0.26666666666666666,0.0005333000008249655,0.17772961257111894,0.05217391304347829,2
0.6272189349112427,0.16766467065868262,0.2958579881656805,0.0006664999964414164,0.07392607392607392,0.03076923076923077,2
0.6557377049180328,0.4166666666666667,0.4098360655737705,0.0002640000020619482,0.0976965845909452,0.0,2
0.5030674846625767,0.12422360248447203,0.24539877300613497,0.00041680000140331686,0.09803921568627451,0.025000000000000022,2
0.1568627450980392,0.0,0.11764705882352941,0.0003406999894650653,0.011507479861910242,0.0,2
0.5811965811965811,0.08695652173913043,0.27350427350427353,0.0005945000011706725,0.07161219243481454,0.0,2
0.4305555555555556,0.18881118881118883,0.2152777777777778,0.0008039999956963584,0.21242680546519194,0.008849557522123908,2
0.5974025974025974,0.2368421052631579,0.32467532467532473,0.0005673999985447153,0.09523809523809523,0.0,2
0.4428571428571428,0.14492753623188404,0.27142857142857146,0.00023950000468175858,0.3209200438116101,0.0,2
0.44000000000000006,0.08163265306122448,0.24,0.0007222999993246049,0.03315881326352531,0.0,2
0.48717948717948717,0.052631578947368425,0.282051282051282,0.00043280000681988895,0.03867403314917127,0.050000000000000044,2
0.6363636363636365,0.13157894736842105,0.31168831168831174,0.0005864999984623864,0.09109243697478991,0.04255319148936165,2
0.4628099173553719,0.1680672268907563,0.21487603305785122,0.00023200000578071922,0.2056159420289855,0.0,2
0.46774193548387094,0.06557377049180328,0.2903225806451613,0.00033569999504834414,0.13313432835820896,0.0,2
0.4195804195804196,0.15602836879432624,0.22377622377622378,0.00019589999283198267,0.29193899782135074,0.0,2
0.10526315789473684,0.0,0.10526315789473684,0.0005834000039612874,0.013689907672715695,0.4545454545454546,2
0.3,0.02564102564102564,0.175,0.0007862999918870628,0.035885933995514256,0.0,2
0.10344827586206895,0.0,0.06896551724137931,0.0006619000050704926,0.01218851570964247,0.0,2
0.608,0.0975609756097561,0.336,0.0005996000109007582,0.06481188744862472,0.02857142857142858,2
0.5460750853242321,0.26804123711340205,0.3549488054607508,0.0006222000083653256,0.20046620046620048,0.029126213592232997,2
0.29629629629629634,0.02531645569620253,0.22222222222222224,0.0006812000065110624,0.044101017715793445,0.04166666666666663,2
0.5121951219512195,0.075,0.21951219512195122,0.00044210000487510115,0.04264099037138927,0.0,2
0.5365853658536585,0.13580246913580246,0.26829268292682923,0.00031200000375974923,0.21040723981900453,0.020000000000000018,2
0.5714285714285715,0.13836477987421386,0.2608695652173913,0.0008356000034837052,0.05965317919075144,0.020000000000000018,2
0.5637583892617448,0.19047619047619047,0.29530201342281875,0.0004659999976865947,0.10390689941812137,0.0,2
0.3191489361702127,0.043478260869565216,0.14893617021276598,0.0002592999953776598,0.05078929306794784,0.0,2
0.4848484848484848,0.12307692307692308,0.2727272727272727,0.0004427999956533313,0.11319822046465645,0.0,2
0.3605769230769231,0.1642512077294686,0.23076923076923075,0.0005766000103903934,0.3110676355505869,0.14423076923076927,3
0.5979381443298968,0.1473684210526316,0.30927835051546393,0.0002663000050233677,0.0886615515771526,0.0,3
0.5109489051094891,0.13333333333333333,0.291970802919708,0.00031870001112110913,0.14945181765724178,0.019607843137254943,3
0.3278688524590164,0.10169491525423728,0.19672131147540986,0.00022220000391826034,0.06190476190476191,0.0,3
0.4959999999999999,0.11382113821138212,0.256,0.0002761000068858266,0.16480238627889635,0.0,3
0.3647058823529412,0.07142857142857142,0.24705882352941178,0.000767800011090003,0.08157099697885196,0.0,3
0.5950413223140496,0.15126050420168066,0.2644628099173554,0.0001816000003600493,0.2283205268935236,0.0,3
0.4538461538461538,0.34883720930232553,0.2923076923076923,0.00021889999334234744,0.5226302305721605,0.08849557522123896,3
0.624113475177305,0.4172661870503597,0.4680851063829787,0.00032560000545345247,0.1880178457616316,0.0,3
0.4636363636363637,0.14678899082568808,0.2272727272727273,0.0005165999900782481,0.17636927316569068,0.061855670103092786,3
0.45914396887159536,0.19607843137254902,0.311284046692607,0.0003809999907389283,0.23979372582724537,0.02083333333333337,3
0.38636363636363635,0.05747126436781609,0.20454545454545456,0.0007239999977173284,0.10762800417972831,0.0,3
0.40909090909090906,0.1954022988505747,0.2840909090909091,0.00023659999715164304,0.3657289002557545,0.025000000000000022,3
0.39189189189189194,0.0958904109589041,0.22972972972972974,0.00025560001085978,0.2377468910021946,0.015625,3
0.7111111111111111,0.47191011235955055,0.5333333333333333,0.00029769999673590064,0.19547953573610263,0.0,3
0.25862068965517243,0.13043478260869565,0.1724137931034483,0.00019959999190177768,0.59375,0.04587155963302747,3
0.2191780821917808,0.028169014084507043,0.136986301369863,0.00025560001085978,0.037412314886983634,0.0,3
0.4675324675324675,0.052631578947368425,0.23376623376623376,0.0005976000102236867,0.060614224137931036,0.0,3
0.3726708074534161,0.1761006289308176,0.23602484472049687,0.00039000000106170774,0.17227722772277226,0.016393442622950838,3
0.3712574850299401,0.12121212121212123,0.23952095808383234,0.00023689999943599105,0.2939914163090129,0.012195121951219523,3
0.3098591549295775,0.028985507246376812,0.22535211267605634,0.00023689999943599105,0.1012965964343598,0.0,3
0.3178807947019867,0.1342281879194631,0.23841059602649006,0.00024280000070575625,0.28227571115973743,0.046511627906976716,3
0.36781609195402304,0.07058823529411766,0.20689655172413793,0.0002001000102609396,0.20758928571428573,0.0,3
0.5669291338582677,0.224,0.33070866141732286,0.00047990000166464597,0.07851851851851852,0.0,3
0.5838509316770186,0.1509433962264151,0.2857142857142857,0.0006270000012591481,0.059480592013404075,0.0,3
0.5614035087719298,0.2485207100591716,0.3508771929824561,0.00027350000164005905,0.23321799307958477,0.0,3
0.5875,0.2151898734177215,0.31250000000000006,0.000498399997013621,0.0875696949819613,0.0,3
0.4755244755244755,0.0425531914893617,0.2657342657342657,0.00017129999469034374,0.24534501642935377,0.0,3
0.42975206611570244,0.1680672268907563,0.24793388429752067,0.0004533000028459355,0.10635792778649922,0.0,3
0.38150289017341044,0.14035087719298245,0.24277456647398843,0.00037209999572951347,0.2115482881962187,0.013157894736842146,3
0.6181818181818183,0.19631901840490798,0.26666666666666666,0.0006121999904280528,0.07625786163522012,0.0,3
0.383419689119171,0.11518324607329843,0.2383419689119171,0.0005088000034447759,0.16138328530259366,0.010869565217391353,3
0.3375796178343949,0.22435897435897434,0.2356687898089172,0.0005142000009072945,0.23465376474145752,0.10077519379844957,3
0.5971223021582734,0.3405797101449276,0.34532374100719426,0.0004900000058114529,0.18620689655172415,0.00952380952380949,3
0.5314685314685316,0.11347517730496454,0.23776223776223776,0.0005033000052208081,0.09071550255536627,0.0,3
0.5137614678899083,0.1308411214953271,0.2935779816513761,0.00022849999368190765,0.1645133505598622,0.0,3
0.37762237762237766,0.14184397163120566,0.2517482517482518,0.00019380000594537705,0.2990239574090506,0.03125,3
0.5568627450980391,0.17391304347826086,0.32156862745098036,0.0007132000027922913,0.10487046632124353,0.011235955056179803,3
0.5289256198347108,0.11764705882352941,0.2975206611570248,0.00047679999261163175,0.0916063059224542,0.0,3
0.5664739884393063,0.2105263157894737,0.3236994219653179,0.0005613999965135008,0.08597543558983148,0.0,3
0.3783783783783784,0.09174311926605504,0.23423423423423423,0.00032390000706072897,0.06085083467959074,0.04761904761904767,3
0.5153374233128835,0.1739130434782609,0.26993865030674846,0.0005633999971905723,0.09727164887307237,0.0,3
0.5789473684210525,0.26785714285714285,0.26315789473684215,0.00018459999409969896,0.21845174973488865,0.0,3
0.543859649122807,0.1504424778761062,0.2807017543859649,0.0006673000025330111,0.11786666666666666,0.03260869565217395,3
0.42402826855123676,0.39857651245551595,0.4169611307420495,0.00024000000848900527,0.46938775510204084,0.034782608695652195,3
0.49572649572649574,0.1217391304347826,0.2222222222222222,0.0002992000081576407,0.17426820966643974,0.018181818181818188,3
0.7183673469387755,0.5925925925925927,0.6040816326530613,0.00037789999623782933,0.20090016366612112,0.0117647058823529,3
0.425531914893617,0.07194244604316548,0.24113475177304966,0.00044920000073034316,0.09853581321725366,0.0,3
0.5521472392638038,0.07453416149068323,0.24539877300613494,0.0003985999937867746,0.14258645191852204,0.0,3
0.5903614457831325,0.12195121951219513,0.3132530120481928,0.0004152999899815768,0.13974001857010213,0.0,3
0.5098039215686274,0.08,0.27450980392156865,0.0004292999947210774,0.08553459119496855,0.0,3
0.4391891891891892,0.1564625850340136,0.23648648648648649,0.00035539999953471124,0.31390328151986185,0.14893617021276595,3
0.5142857142857143,0.10144927536231883,0.2857142857142857,0.0004431000124895945,0.10563692853972481,0.0,3
0.5620915032679739,0.17218543046357615,0.3006535947712418,0.00014220000593923032,0.4464993394980185,0.0,3
0.42201834862385323,0.32407407407407407,0.3486238532110092,0.00031970000418368727,0.26858877086494687,0.01041666666666663,3
0.5825242718446602,0.3366336633663366,0.38834951456310685,0.00021320000814739615,0.1930164888457808,0.0,3
0.39534883720930236,0.07142857142857144,0.3023255813953488,0.000411600005463697,0.06896551724137931,0.0,3
0.7058823529411765,0.23841059602649006,0.3137254901960784,0.00023119999968912452,0.19727891156462585,0.01851851851851849,3
0.47619047619047616,0.144,0.2777777777777778,0.0005901999975321814,0.14324993126202915,0.022222222222222254,3
0.5555555555555556,0.2857142857142857,0.33333333333333326,0.00019439999596215785,0.08773903262092239,0.0,3
0.5,0.11864406779661017,0.25,0.00039570000080857426,0.10136024572180781,0.0,3
0.45132743362831856,0.23214285714285712,0.28318584070796465,0.0005354000022634864,0.17953386744355426,0.011904761904761862,3
0.3914893617021276,0.13733905579399142,0.24680851063829787,0.00029460000223480165,0.36117936117936117,0.2100840336134454,3
0.5263157894736843,0.2248520710059172,0.3391812865497076,0.0008688000089023262,0.08848864526233359,0.025316455696202556,3
0.39111111111111113,0.13452914798206278,0.21333333333333335,0.00032789999386295676,0.2817272248551869,0.010204081632653073,3
0.5833333333333333,0.2,0.28125,0.00027239999326411635,0.20100502512562815,0.0,3
0.34893617021276596,0.09442060085836909,0.22127659574468084,0.00041530000453349203,0.3458528951486698,0.0703125,3
0.4880952380952381,0.19277108433734938,0.2619047619047619,0.00023189999046735466,0.2982456140350877,0.0,3
0.6305418719211823,0.30845771144278605,0.28571428571428575,0.0002906000008806586,0.189375,0.052631578947368474,3
0.3218390804597701,0.0,0.18390804597701152,0.00035790000401902944,0.06745817593092283,0.06666666666666665,3
0.47236180904522607,0.17258883248730963,0.2512562814070352,0.0005251999973552302,0.14992076069730587,0.05747126436781613,3
0.5833333333333334,0.0851063829787234,0.25,0.0002787000121315941,0.13122923588039867,0.0,3
0.32558139534883723,0.1764705882352941,0.2209302325581395,0.00021230000129435211,0.3455706304868316,0.012987012987012991,3
0.6165413533834586,0.15267175572519087,0.3157894736842105,0.0003895999980159104,0.11599045346062052,0.0,3
0.46067415730337075,0.18181818181818182,0.2696629213483146,0.0003466000052867457,0.19838056680161945,0.025000000000000022,3
0.5967741935483871,0.16393442622950818,0.3387096774193548,0.00029009999707341194,0.15649867374005305,0.0,3
0.44705882352941173,0.1893491124260355,0.24705882352941178,0.0005493999924510717,0.27542062911485005,0.0547945205479452,3
0.5369127516778524,0.05442176870748299,0.25503355704697983,0.0007590000022901222,0.05693950177935943,0.0,3
0.4142011834319526,0.09580838323353294,0.21301775147928995,0.0002069000038318336,0.3205607476635514,0.07999999999999996,3
0.45128205128205123,0.10362694300518134,0.25641025641025644,0.00021240000205580145,0.36933223413025557,0.0,3
0.5202702702702703,0.2653061224489796,0.3108108108108108,0.0003615000023273751,0.3,0.017857142857142905,3
0.5069124423963134,0.15813953488372093,0.30414746543778803,0.00042409999878145754,0.18661679135494597,0.0,3
0.34890965732087226,0.2946708463949843,0.31152647975077885,0.0001990000018849969,0.6884422110552764,0.06874999999999998,3
0.46969696969696967,0.07692307692307693,0.2272727272727273,0.0004047999973408878,0.06083025071927661,0.0,3
0.26785714285714285,0.11976047904191617,0.19047619047619047,0.00036249999538995326,0.39670103092783504,0.2359550561797753,3
0.5802469135802469,0.1125,0.25925925925925924,0.00028300000121816993,0.25515660809778457,0.0,3
0.6161137440758294,0.5933014354066987,0.6161137440758294,0.00030759999935980886,0.2623138602520046,0.022727272727272707,3
0.3056768558951965,0.0881057268722467,0.19213973799126638,0.00043459999142214656,0.23608768971332209,0.0,3
0.6099290780141844,0.17266187050359713,0.2695035460992908,0.0003237000055378303,0.1336963097398669,0.0,3
0.5283018867924528,0.28025477707006374,0.4025157232704402,0.00022939998598303646,0.3161175422974176,0.014285714285714235,3
0.37377049180327876,0.1254125412541254,0.17704918032786884,0.0004017000028397888,0.30055292259083727,0.04580152671755722,3
0.6138613861386139,0.14141414141414144,0.297029702970297,0.00026899999647866935,0.12991833704528583,0.0,3
0.5112781954887218,0.10687022900763359,0.28571428571428575,0.0002527999895391986,0.18510928961748635,0.0,3
0.5367965367965368,0.3580786026200873,0.354978354978355,0.00017020000086631626,0.5112855740922473,0.011235955056179803,3
0.39080459770114945,0.047058823529411764,0.2528735632183908,0.00016369999502785504,0.16285714285714287,0.0,3
0.5333333333333333,0.16216216216216214,0.33333333333333337,0.0006950999959371984,0.061140647655872404,0.0,3
0.5135135135135135,0.136986301369863,0.28378378378378377,0.00040129999979399145,0.15405651777575205,0.01538461538461533,3
0.5054945054945055,0.08988764044943819,0.32967032967032966,0.00013689999468624592,0.24553571428571427,0.0,3
0.26022304832713755,0.15730337078651685,0.21561338289962823,0.00018829999316949397,0.6165480427046264,0.03100775193798455,3
0.43661971830985913,0.19999999999999998,0.2676056338028169,0.00016820000018924475,0.37180910099889014,0.0,3
0.44210526315789467,0.2795698924731183,0.31578947368421056,0.0008596999978180975,0.015805574439157036,0.0,3
0.4279835390946502,0.1825726141078838,0.23045267489711938,0.0005363000091165304,0.16594139831737742,0.00877192982456143,3
0.5573770491803278,0.18333333333333332,0.29508196721311475,0.0003350999904796481,0.1201058201058201,0.0,3
0.4259259259259259,0.17757009345794392,0.25,0.0005210999952396378,0.14,0.013698630136986356,3
0.4671532846715328,0.11851851851851851,0.2481751824817518,0.00030359999800566584,0.1596935769004125,0.0,3
0.48695652173913045,0.07079646017699115,0.2608695652173913,0.0005100999987917021,0.07396251673360107,0.0,3
0.502283105022831,0.2304147465437788,0.3013698630136986,0.0003829000052064657,0.25150602409638556,0.0,3
0.5985401459854015,0.2518518518518518,0.35036496350364965,0.00019759999122470617,0.2982261640798226,0.0,3
0.6052631578947367,0.10666666666666667,0.2894736842105263,0.0006409000052371994,0.06672297297297297,0.0,3
0.3206751054852321,0.1276595744680851,0.2109704641350211,0.0006284000119194388,0.16796440489432704,0.05982905982905984,3
0.5,0.10144927536231883,0.3,0.0008878999942680821,0.050513022888713496,0.017241379310344862,3
0.6557377049180328,0.25,0.3114754098360656,0.00024189999385271221,0.16756272401433692,0.0,3
0.5079365079365079,0.0962566844919786,0.24338624338624337,0.0005418999935500324,0.1440443213296399,0.032258064516129004,3
0.38636363636363635,0.1142857142857143,0.2272727272727273,0.00026899999647866935,0.5827041866849691,0.1103448275862069,3
0.5333333333333333,0.07766990291262137,0.3047619047619048,0.00023579999106004834,0.15236567762630313,0.0,3
0.5714285714285714,0.3816793893129771,0.406015037593985,0.00022480000916402787,0.25095419847328243,0.019230769230769273,3
0.5669291338582678,0.192,0.2992125984251969,0.0005040999967604876,0.0633850303438975,0.0,3
0.5405405405405405,0.1506849315068493,0.3108108108108108,0.00021920001017861068,0.2569134701159679,0.054545454545454564,3
0.35294117647058826,0.22222222222222218,0.24264705882352944,0.00040889999945648015,0.2707718262336567,0.1071428571428571,3
0.4461538461538462,0.23255813953488375,0.33076923076923076,0.00023259999579750001,0.4899328859060403,0.017699115044247815,3
0.22535211267605632,0.12121212121212122,0.15694164989939638,0.000650699992547743,0.2768106597893832,0.09734513274336287,3
0.43356643356643354,0.11347517730496454,0.2657342657342657,0.0002150999935111031,0.2641996557659208,0.02941176470588236,3
0.5210084033613446,0.5084745762711864,0.5210084033613446,0.0004124000115552917,0.2103448275862069,0.02083333333333337,3
0.5988700564971752,0.24000000000000002,0.35028248587570626,0.0001801999896997586,0.3179190751445087,0.032786885245901676,3
0.63681592039801,0.36180904522613067,0.41791044776119407,0.00040520000038668513,0.15797979797979797,0.014705882352941124,3
0.5546218487394958,0.35897435897435903,0.42016806722689076,0.00014899999951012433,0.36788874841972186,0.0,3
0.6203208556149732,0.32432432432432434,0.4385026737967914,0.0003112999984296039,0.18772941793392764,0.016129032258064502,3
0.5217391304347826,0.2647058823529412,0.34782608695652173,0.0003308000013930723,0.10049696300386526,0.02631578947368418,3
0.3970588235294118,0.11940298507462686,0.22058823529411767,0.00030590000096708536,0.1611053180396246,0.0357142857142857,3
0.3548387096774194,0.06557377049180328,0.22580645161290322,0.00021640000340994447,0.26721120186697783,0.0,3
0.33830845771144274,0.14070351758793967,0.208955223880597,0.00022519999765791,0.38031496062992126,0.009345794392523366,3
0.5100671140939598,0.16326530612244897,0.22818791946308725,0.0011166000040248036,0.04005094820266063,0.03389830508474578,3
0.4273504273504274,0.10434782608695652,0.22222222222222224,0.0005526000022655353,0.050655021834061134,0.0,3
0.42654028436018965,0.19138755980861244,0.2654028436018957,0.000461499992525205,0.1838006230529595,0.0,3
0.540983606557377,0.3333333333333333,0.459016393442623,0.0003046999918296933,0.15732368896925858,0.0,3
0.40329218106995884,0.18257261410788383,0.2880658436213992,0.0005265000072540715,0.16245165129425765,0.11538461538461542,3
0.5,0.13186813186813187,0.2826086956521739,0.00033660000190138817,0.18191214470284237,0.0,3
0.5960264900662251,0.1476510067114094,0.3311258278145696,0.00034169999707955867,0.12358974358974359,0.0,3
0.35602094240837695,0.22222222222222218,0.24083769633507848,0.00025519999326206744,0.36061776061776063,0.0,3
0.5128205128205128,0.12435233160621761,0.26666666666666666,0.00034020000020973384,0.2255418863503222,0.0,3
0.4971751412429378,0.12571428571428572,0.2598870056497175,0.0005230000097071752,0.10832025117739404,0.03076923076923077,3
0.5291479820627802,0.15384615384615385,0.2600896860986547,0.0005166999908396974,0.1928421052631579,0.0,3
0.5051546391752577,0.16666666666666666,0.22680412371134023,0.0003113999991910532,0.2633333333333333,0.014925373134328401,3
0.33827893175074186,0.15522388059701492,0.20178041543026706,0.00031800000579096377,0.43664921465968587,0.040000000000000036,3
0.5673758865248226,0.3165467625899281,0.3120567375886525,0.00013679999392479658,0.471169686985173,0.01754385964912286,3
0.46391752577319584,0.125,0.23711340206185566,0.0003564000071492046,0.2118510749868904,0.0,3
0.4660194174757281,0.2941176470588235,0.33980582524271846,0.0003068999940296635,0.3146853146853147,0.0449438202247191,3
0.578125,0.06349206349206349,0.3125,0.0007801000028848648,0.05407677220509947,0.0,3
0.6091954022988506,0.18604651162790697,0.2988505747126437,0.0004144000122323632,0.1490080202617138,0.014084507042253502,3
0.5793103448275863,0.11188811188811189,0.2896551724137931,0.0003662999952211976,0.1125,0.0,3
0.5639097744360902,0.40909090909090917,0.46616541353383456,0.0003614000015659258,0.27080103359173124,0.010869565217391353,3
0.42424242424242425,0.09815950920245399,0.2545454545454546,0.00039510001079179347,0.15375051802735185,0.013157894736842146,3
0.45945945945945943,0.0958904109589041,0.22972972972972971,0.0003212000010535121,0.2006060606060606,0.0,3
0.2598187311178248,0.1641337386018237,0.17522658610271902,0.0003175000019837171,0.4822307271733188,0.0573248407643312,3
0.5,0.21276595744680848,0.37499999999999994,0.00023210000654216856,0.16891891891891891,0.0,3
0.5517241379310345,0.17543859649122806,0.29310344827586204,0.00023119999968912452,0.1356521739130435,0.0,3
0.36000000000000004,0.09459459459459459,0.2,0.0002499999973224476,0.26738351254480286,0.06329113924050633,3
0.4383561643835617,0.125,0.28767123287671237,0.0004194999928586185,0.12434183880113406,0.0,3
0.43555555555555553,0.12556053811659196,0.2311111111111111,0.0003071999963140115,0.271474019088017,0.030612244897959218,3
0.453125,0.3464566929133858,0.2890625,0.00035799999022856355,0.2604776926543488,0.029126213592232997,3
0.42603550295857995,0.21556886227544908,0.2366863905325444,0.0002364000101806596,0.29535232383808097,0.024691358024691357,3
0.5851063829787234,0.22580645161290325,0.3191489361702128,0.0006981000042287633,0.0837772397094431,0.0,3
0.5340314136125655,0.21164021164021163,0.2513089005235602,0.00027969999064225703,0.2786458333333333,0.011363636363636354,3
0.5803108808290156,0.10471204188481675,0.2901554404145078,0.0005945000011706725,0.08610624635143024,0.015625,3
0.4817518248175182,0.2962962962962963,0.3649635036496351,0.00025520000781398267,0.20264623955431754,0.018867924528301883,3
0.3952095808383233,0.12121212121212122,0.25149700598802394,0.0002938999969046563,0.2380640941792021,0.014285714285714235,3
0.5911330049261084,0.2786069651741293,0.2857142857142857,0.0005529000045498833,0.10557888422315537,0.014925373134328401,3
0.5868263473053892,0.24242424242424243,0.23952095808383234,0.0003769000031752512,0.12979482604817127,0.017241379310344862,3
0.48484848484848486,0.09230769230769231,0.27272727272727276,0.0006112000119173899,0.05,0.0,3
0.4545454545454546,0.18309859154929575,0.27972027972027974,0.00032029999420046806,0.39621559633027525,0.09160305343511455,3
0.3163265306122449,0.14432989690721648,0.22448979591836737,0.00026200000138487667,0.32801664355062415,0.010752688172043001,3
0.5,0.1509433962264151,0.2777777777777778,0.0002406000130577013,0.1436950146627566,0.0,3
0.3263157894736842,0.09574468085106383,0.2,0.0001939999929163605,0.4216757741347905,0.0,3
0.3710144927536232,0.19241982507288632,0.24927536231884057,0.0009054999973159283,0.2145759956651314,0.04477611940298509,3
0.5585585585585586,0.16363636363636366,0.3063063063063063,0.001123199996072799,0.11363636363636363,0.02941176470588236,3
0.8805031446540881,0.7770700636942675,0.7798742138364779,0.00032730000384617597,0.18665607625099284,0.0,3
0.5420560747663551,0.27358490566037735,0.2897196261682243,0.0003831000067293644,0.15455594002306805,0.031746031746031744,3
0.44036697247706424,0.056074766355140186,0.27522935779816515,0.0003048000071430579,0.13693901035673187,0.15384615384615385,3
0.5780346820809248,0.2573099415204679,0.31213872832369943,0.00048499999684281647,0.13110539845758354,0.0,3
0.3875,0.169811320754717,0.21875,0.0005086999881314114,0.24105400130123616,0.01526717557251911,3
0.5608465608465608,0.2245989304812834,0.2962962962962963,0.0005391999875428155,0.13752665245202558,0.02941176470588236,3
0.45977011494252873,0.34883720930232565,0.40229885057471265,0.00019419999443925917,0.4403066812705367,0.0,3
0.5454545454545455,0.11764705882352941,0.2809917355371901,0.0008990000060293823,0.051774287376381616,0.0,3
0.594059405940594,0.06060606060606061,0.25742574257425743,0.00045519998820964247,0.07352316192095197,0.02857142857142858,3
0.5608465608465608,0.1818181818181818,0.29629629629629634,0.0005143000016687438,0.1250420168067227,0.0461538461538461,3
0.43428571428571433,0.2543352601156069,0.28571428571428575,0.00022590000298805535,0.36231884057971014,0.0,3
0.40404040404040403,0.163265306122449,0.30303030303030304,0.00035519999801181257,0.2752238805970149,0.02197802197802201,3
0.4245810055865922,0.14689265536723164,0.2346368715083799,0.00019419999443925917,0.41830065359477125,0.0,3
0.44230769230769235,0.058823529411764705,0.2884615384615385,0.0005673999985447153,0.04170646290990131,0.19999999999999996,3
0.37894736842105264,0.021505376344086023,0.16842105263157894,0.0005115000094519928,0.050304389618711955,0.0,3
0.4999999999999999,0.17460317460317462,0.28125,0.0006349000032059848,0.06771397616468039,0.0,3
0.5232558139534883,0.15294117647058825,0.2906976744186046,0.0005178999999770895,0.11349984192222573,0.01449275362318836,3
0.45479452054794517,0.2589531680440772,0.33972602739726027,0.000458099995739758,0.2763902763902764,0.04137931034482756,3
0.5,0.08771929824561404,0.25862068965517243,0.0004744000034406781,0.08292499057670562,0.024390243902439046,3
0.5617977528089888,0.06896551724137931,0.2247191011235955,0.0004025999951409176,0.05135259055479138,0.0,3
0.6178010471204188,0.30687830687830686,0.4083769633507853,0.0002525000018067658,0.2730015082956259,0.014925373134328401,3
0.58,0.15151515151515152,0.26,0.0007003000064287335,0.08439306358381503,0.013698630136986356,3
0.5347593582887701,0.1837837837837838,0.2887700534759358,0.0004310000076657161,0.1550290939318371,0.0,3
0.326530612244898,0.041666666666666664,0.163265306122449,0.00022489999537356198,0.06314344543582705,0.0,3
0.4933333333333334,0.10810810810810811,0.26666666666666666,0.0003744999994523823,0.14186851211072665,0.0,3
0.3007518796992481,0.21886792452830192,0.21804511278195488,0.000527299998793751,0.40693124650642815,0.14232209737827717,4
0.6562500000000001,0.14285714285714282,0.3125,0.0003087999939452857,0.1628303495311168,0.0,4
0.449438202247191,0.125,0.2247191011235955,0.00031269999453797936,0.2181188690132718,0.012658227848101222,4
0.6382978723404256,0.32608695652173914,0.3829787234042554,0.0002390000008745119,0.15904761904761905,0.0,4
0.4827586206896552,0.12790697674418605,0.2873563218390805,0.0002480999974068254,0.2960477255779269,0.0,4
0.36046511627906974,0.07058823529411765,0.25581395348837205,0.000788799996371381,0.08479355488418933,0.0,4
0.5555555555555556,0.17500000000000002,0.25925925925925924,0.0002052999916486442,0.3468715697036224,0.0,4
0.3986486486486486,0.3197278911564626,0.2635135135135135,0.00021180001203902066,0.6208368915456874,0.09558823529411764,4
0.5111111111111112,0.33707865168539325,0.37777777777777777,0.00032729998929426074,0.26131293817718293,0.0,4
0.4087591240875913,0.13970588235294118,0.1897810218978102,0.0004670999915106222,0.23734068205304856,0.04477611940298509,4
0.43866171003717475,0.18726591760299624,0.29739776951672864,0.00038270000368356705,0.25612376450365276,0.01941747572815533,4
0.3478260869565218,0.04878048780487804,0.2028985507246377,0.0005831999878864735,0.13322884012539185,0.0,4
0.3305084745762712,0.23931623931623927,0.2542372881355932,0.0002521999995224178,0.525149190110827,0.017094017094017144,4
0.37267080745341613,0.08805031446540881,0.2236024844720497,0.00027970000519417226,0.26847110460863205,0.013698630136986356,4
0.6008583690987125,0.38095238095238093,0.41201716738197425,0.00033290000283159316,0.2944410507025046,0.022222222222222254,4
0.26865671641791045,0.18796992481203006,0.20149253731343283,0.00019690000044647604,0.7119140625,0.05147058823529416,4
0.40404040404040403,0.10309278350515465,0.24242424242424246,0.00027039999258704484,0.10678098207326578,0.0,4
0.5538461538461539,0.10362694300518134,0.26666666666666666,0.0009628999978303909,0.09590517241379311,0.0,4
0.3231441048034935,0.16740088105726872,0.18340611353711792,0.000374099996406585,0.2717821782178218,0.021276595744680882,4
0.24264705882352938,0.1037037037037037,0.14705882352941177,0.00029519999225158244,0.5536480686695279,0.06000000000000005,4
0.2992125984251969,0.064,0.23622047244094488,0.00026709999656304717,0.24473257698541329,0.020000000000000018,4
0.2318840579710145,0.1073170731707317,0.18357487922705315,0.00024680000205989927,0.4084609773887673,0.05737704918032782,4
0.288135593220339,0.08620689655172414,0.1864406779661017,0.00018629999249242246,0.3080357142857143,0.0,4
0.4795321637426901,0.22485207100591717,0.304093567251462,0.00045930000487715006,0.13185185185185186,0.052631578947368474,4
0.6063829787234042,0.13978494623655918,0.29787234042553196,0.0006647999980486929,0.08209997207483943,0.0,4
0.504950495049505,0.26,0.32673267326732675,0.00028219999512657523,0.2968858131487889,0.0,4
0.5638766519823789,0.2577777777777778,0.3788546255506608,0.0006579000037163496,0.1597244998360118,0.0,4
0.4694835680751174,0.14218009478672985,0.2629107981220657,0.00033460000122431666,0.4830230010952902,0.03658536585365857,4
0.358974358974359,0.15584415584415587,0.20512820512820512,0.00044219999108463526,0.14442700156985872,0.0,4
0.32173913043478264,0.11403508771929824,0.19130434782608696,0.0003167999966535717,0.30045988758303527,0.028301886792452824,4
0.5567010309278351,0.19791666666666666,0.2474226804123711,0.0006498000002466142,0.09853249475890985,0.0,4
0.2899628252788104,0.12734082397003746,0.20074349442379177,0.00047720001020934433,0.24531700288184438,0.007092198581560294,4
0.28125,0.19895287958115182,0.20833333333333334,0.0005008000007364899,0.2948291502872694,0.10240963855421692,4
0.5203761755485893,0.3217665615141956,0.3448275862068966,0.0004698999982792884,0.22725779967159276,0.007936507936507908,4
0.5934065934065933,0.1888888888888889,0.29670329670329665,0.00047509999421890825,0.14011925042589438,0.0,4
0.44444444444444453,0.1408450704225352,0.2777777777777778,0.00022990000434219837,0.2575366063738157,0.03076923076923077,4
0.28037383177570085,0.16037735849056603,0.20560747663551399,0.00019859999883919954,0.5031055900621118,0.03809523809523807,4
0.40997229916897504,0.18384401114206125,0.2659279778393352,0.0007278999983100221,0.17015544041450778,0.0071428571428571175,4
0.511904761904762,0.19277108433734938,0.2738095238095238,0.0004962999955751002,0.15636983383042183,0.012195121951219523,4
0.5520833333333334,0.21052631578947367,0.3125,0.000559899999643676,0.1048271922307912,0.0,4
0.5611510791366906,0.16058394160583941,0.28776978417266186,0.00033090000215452164,0.11039310716208939,0.02631578947368418,4
0.4931506849315069,0.1751152073732719,0.28310502283105027,0.0005556999967666343,0.14916963226571767,0.0,4
0.5290322580645161,0.2222222222222222,0.2838709677419355,0.0002018999948631972,0.3563096500530223,0.0,4
0.4980544747081712,0.14901960784313725,0.2801556420233463,0.0006151999987196177,0.13866666666666666,0.028037383177570097,4
0.3560830860534125,0.3343283582089552,0.35014836795252224,0.00023970000620465726,0.5940233236151603,0.05555555555555558,4
0.40522875816993464,0.13245033112582782,0.23529411764705882,0.0002918999962275848,0.2491490810074881,0.013157894736842146,4
0.5808580858085808,0.48504983388704315,0.5082508250825082,0.00039280000783037394,0.2765957446808511,0.008695652173912993,4
0.41916167664670656,0.08484848484848483,0.2275449101796407,0.0004783000040333718,0.13019390581717452,0.0,4
0.5656565656565656,0.09183673469387756,0.2626262626262626,0.00041969999438151717,0.19753671245855045,0.012820512820512775,4
0.46696035242290757,0.11555555555555556,0.2907488986784141,0.0004606000002240762,0.22376973073351902,0.021052631578947323,4
0.5581395348837209,0.09448818897637797,0.27906976744186046,0.0003117000014754012,0.13459119496855346,0.0,4
0.39762611275964393,0.1492537313432836,0.22551928783382785,0.0003817000106209889,0.3687392055267703,0.14970059880239517,4
0.5211267605633804,0.1,0.28169014084507044,0.00043400000140536577,0.1083000443852641,0.0,4
0.4919786096256685,0.28108108108108104,0.35294117647058826,0.00015150000399444252,0.5878467635402906,0.012820512820512775,4
0.3445692883895132,0.2792452830188679,0.28464419475655434,0.00035439999192021787,0.3495194739504299,0.016260162601625994,4
0.4580152671755725,0.27906976744186046,0.33587786259541985,0.00019720000273082405,0.2870999030067895,0.0,4
0.4086021505376344,0.06593406593406592,0.30107526881720426,0.0004324000037740916,0.07783251231527094,0.0,4
0.6878306878306878,0.26737967914438504,0.328042328042328,0.00024700000358279794,0.2796674225245654,0.014285714285714235,4
0.42807017543859655,0.1484098939929329,0.2526315789473684,0.0005683000053977594,0.1723948309045917,0.01869158878504673,4
0.5490196078431373,0.24,0.35294117647058826,0.00020110000332351774,0.19797525309336333,0.0,4
0.44303797468354433,0.1794871794871795,0.2911392405063291,0.00039570000080857426,0.1518209741114524,0.04477611940298509,4
0.37630662020905925,0.1824561403508772,0.22996515679442509,0.00048099999548867345,0.24726875455207575,0.00877192982456143,4
0.31610942249240126,0.19571865443425077,0.24316109422492402,0.00026280000747647136,0.527027027027027,0.17365269461077848,4
0.47,0.21212121212121213,0.31000000000000005,0.0006747000006726012,0.11302531975985382,0.01980198019801982,4
0.3010033444816053,0.11447811447811448,0.2006688963210702,0.0003156000020680949,0.3970510795155345,0.03007518796992481,4
0.5819672131147542,0.2892561983471074,0.2704918032786885,0.0002927000023191795,0.3021356783919598,0.0,4
0.27702702702702703,0.11564625850340135,0.18243243243243246,0.00034359999699518085,0.44340114762649974,0.060975609756097615,4
0.38222222222222224,0.14349775784753366,0.23111111111111113,0.0002480999974068254,0.4274322169059011,0.01041666666666663,4
0.6293103448275863,0.3043478260869565,0.3103448275862069,0.00027689999842550606,0.246875,0.03947368421052633,4
0.4,0.018518518518518514,0.21818181818181817,0.0003262000100221485,0.1025364274150027,0.04761904761904767,4
0.44343891402714924,0.182648401826484,0.2714932126696833,0.0004932000010740012,0.16862123613312202,0.05208333333333337,4
0.4705882352941176,0.059701492537313446,0.22058823529411764,0.00022489999537356198,0.23588039867109634,0.0,4
0.2013888888888889,0.16783216783216784,0.18055555555555555,0.0002275000006193295,0.6256983240223464,0.03401360544217691,4
0.567741935483871,0.16993464052287582,0.3225806451612903,0.0003887000057147816,0.1460620525059666,0.031746031746031744,4
0.3898305084745763,0.17094017094017092,0.22881355932203393,0.0003466000052867457,0.28694331983805665,0.07017543859649122,4
0.47560975609756095,0.14814814814814814,0.25609756097560976,0.0002869000018108636,0.23474801061007958,0.014285714285714235,4
0.398989898989899,0.18274111675126903,0.22727272727272724,0.0004608000017469749,0.3335771762984638,0.052631578947368474,4
0.5185185185185186,0.08749999999999998,0.2592592592592593,0.0007086000114213675,0.06761565836298933,0.0,4
0.3945578231292517,0.3356164383561644,0.34693877551020413,0.0002027000009547919,0.694392523364486,0.07236842105263153,4
0.38866396761133604,0.12244897959183673,0.24291497975708504,0.00021610000112559646,0.5061830173124485,0.029126213592232997,4
0.43697478991596633,0.23661971830985917,0.2801120448179272,0.0003870000073220581,0.3849056603773585,0.035211267605633756,4
0.45967741935483875,0.15447154471544713,0.2983870967741935,0.0004979999939678237,0.2202826267664173,0.0,4
0.3131868131868132,0.26519337016574585,0.2802197802197802,0.0002567999908933416,0.7998324958123953,0.08064516129032262,4
0.5987261146496815,0.23225806451612904,0.3694267515923567,0.0005289000109769404,0.09741060419235512,0.0,4
0.25280898876404495,0.11299435028248588,0.17977528089887643,0.00037460000021383166,0.41896907216494844,0.2222222222222222,4
0.504950495049505,0.22,0.2871287128712871,0.0002953999937744811,0.3521772345301757,0.0,4
0.4467353951890034,0.42906574394463665,0.4467353951890034,0.0003335999936098233,0.4117983963344788,0.02877697841726623,4
0.2692307692307692,0.07751937984496124,0.1692307692307692,0.0004293999954825267,0.2765598650927487,0.00877192982456143,4
0.5901639344262296,0.2983425414364641,0.3715846994535519,0.0003083000046899542,0.20084694494857835,0.0,4
0.38596491228070173,0.20353982300884954,0.2894736842105263,0.00024290000146720558,0.5004452359750667,0.04629629629629628,4
0.28235294117647053,0.16075650118203308,0.18352941176470589,0.0004165999998804182,0.4423380726698262,0.05291005291005291,4
0.625,0.2698412698412699,0.34374999999999994,0.0002548000047681853,0.19302152932442465,0.016949152542372836,4
0.37,0.2323232323232323,0.28,0.0002531000063754618,0.3203551912568306,0.023809523809523836,4
0.4525547445255474,0.33088235294117646,0.32116788321167883,0.00020400001085363328,0.6437684003925417,0.045454545454545414,4
0.4594594594594595,0.0958904109589041,0.24324324324324326,0.00015150000399444252,0.4328571428571429,0.016393442622950838,4
0.5079365079365079,0.1711229946524064,0.2751322751322751,0.0008585000032326207,0.09424842919284679,0.0,4
0.422110552763819,0.16243654822335024,0.28140703517587945,0.00041140000394079834,0.2333637192342753,0.010204081632653073,4
0.5528455284552846,0.21487603305785125,0.3902439024390244,0.00016009999671950936,0.3898809523809524,0.0,4
0.22018348623853212,0.1476923076923077,0.18348623853211007,0.00029880000511184335,0.7633451957295374,0.04458598726114649,4
0.3173076923076923,0.21359223300970875,0.2692307692307692,0.00016569999570492655,0.5904550499445061,0.020408163265306145,4
0.569620253164557,0.19230769230769232,0.26582278481012656,0.0010949999996228144,0.046227056424201225,0.017857142857142905,4
0.30724637681159417,0.15160349854227406,0.1971014492753623,0.0005553000082727522,0.25674499564838993,0.05586592178770955,4
0.41860465116279066,0.16470588235294117,0.2325581395348837,0.0003654999891296029,0.19735449735449737,0.0,4
0.37154150197628455,0.16733067729083667,0.2529644268774704,0.0005487000016728416,0.17753846153846153,0.010000000000000009,4
0.38372093023255816,0.10588235294117646,0.20930232558139536,0.0004592000041157007,0.21862109605185623,0.0,4
0.42553191489361697,0.15827338129496404,0.24113475177304966,0.0005072999920230359,0.09906291834002677,0.0,4
0.4410646387832699,0.20689655172413796,0.2813688212927757,0.0003394000086700544,0.3137550200803213,0.018181818181818188,4
0.5029239766081871,0.22485207100591714,0.304093567251462,0.00020049999875482172,0.40465631929046564,0.0,4
0.5747126436781609,0.12790697674418602,0.29885057471264365,0.0006091999966884032,0.08474099099099099,0.0,4
0.2899628252788104,0.1198501872659176,0.1858736059479554,0.000629100002697669,0.1985539488320356,0.07299270072992703,4
0.38190954773869346,0.08121827411167512,0.22110552763819094,0.0009120000031543896,0.08622730860299921,0.010869565217391353,4
0.6293706293706294,0.24113475177304966,0.29370629370629364,0.00022329999774228781,0.2302867383512545,0.0,4
0.38636363636363635,0.10687022900763359,0.22727272727272727,0.0004971000016666949,0.2157202216066482,0.03149606299212604,4
0.34158415841584155,0.14427860696517414,0.22277227722772278,0.0003431000077398494,0.6986959505833905,0.09392265193370164,4
0.47692307692307695,0.09375,0.27692307692307694,0.0002511999919079244,0.2157177225340818,0.0,4
0.49056603773584906,0.3184713375796178,0.33962264150943394,0.00018820000695995986,0.33110687022900764,0.02898550724637683,4
0.5696969696969697,0.18404907975460122,0.2666666666666667,0.0005377000052249059,0.10013486176668915,0.015873015873015928,4
0.5,0.25274725274725274,0.358695652173913,0.00022400000307243317,0.3452274754683318,0.05128205128205132,4
0.31003039513677805,0.2018348623853211,0.243161094224924,0.00038449998828582466,0.3525938422606495,0.09459459459459463,4
0.40845070422535207,0.21985815602836878,0.3028169014084507,0.0002199000009568408,0.5461409395973155,0.016129032258064502,4
0.19964349376114082,0.110912343470483,0.15329768270944744,0.0006901999877300113,0.3215130023640662,0.08984375,4
0.45859872611464964,0.1806451612903226,0.28025477707006374,0.00021430000197142363,0.3132530120481928,0.03749999999999998,4
0.3936507936507937,0.38338658146964855,0.3936507936507937,0.00039459999243263155,0.30421455938697317,0.035211267605633756,4
0.5699481865284973,0.23036649214659688,0.35233160621761656,0.0002106000029016286,0.3622350674373796,0.05555555555555558,4
0.5425101214574899,0.31836734693877555,0.34008097165991896,0.00039140001172199845,0.22464646464646465,0.0490196078431373,4
0.39534883720930236,0.27058823529411763,0.3255813953488372,0.0001545999984955415,0.5739570164348925,0.021739130434782594,4
0.5063291139240507,0.28936170212765955,0.34599156118143454,0.00033200001053046435,0.26428945988463554,0.02298850574712641,4
0.6107784431137724,0.24242424242424243,0.32335329341317365,0.0003181000065524131,0.14853672004417448,0.019230769230769273,4
0.358974358974359,0.11688311688311688,0.21794871794871792,0.0003090000100200996,0.19551616266944735,0.042857142857142816,4
0.34285714285714286,0.07246376811594203,0.21428571428571427,0.00025769999774638563,0.3313885647607935,0.0,4
0.31390134529147984,0.13574660633484162,0.2062780269058296,0.00031289999606087804,0.43622047244094486,0.008264462809917328,4
0.38818565400843885,0.11914893617021277,0.2109704641350211,0.001044100004946813,0.07642230399094255,0.029126213592232997,4
0.4430379746835443,0.11538461538461538,0.2151898734177215,0.0005518999969353899,0.08879184861717612,0.0,4
0.38056680161943324,0.16326530612244897,0.24291497975708504,0.00041939999209716916,0.22585669781931464,0.00952380952380949,4
0.42045454545454547,0.2873563218390805,0.31818181818181823,0.00041989999590441585,0.2718505123568415,0.0,4
0.34304207119741104,0.14332247557003258,0.2459546925566343,0.0005224999913480133,0.22195775066944362,0.08510638297872342,4
0.4644549763033175,0.14354066985645933,0.27488151658767773,0.00035200000274926424,0.2222222222222222,0.0,4
0.572972972972973,0.17486338797814208,0.3243243243243243,0.00039370000013150275,0.17794871794871794,0.0,4
0.3364485981308411,0.23584905660377356,0.21495327102803738,0.00036830001045018435,0.42162162162162165,0.0,4
0.47533632286995514,0.14479638009049775,0.25112107623318386,0.00029379999614320695,0.27768014059753954,0.012345679012345734,4
0.46766169154228854,0.12060301507537688,0.25870646766169153,0.0005785999965155497,0.1306122448979592,0.02631578947368418,4
0.4979591836734694,0.13991769547325103,0.24489795918367346,0.00041370000690221786,0.22231578947368422,0.03191489361702127,4
0.4337349397590362,0.15384615384615385,0.23293172690763056,0.00028560000646393746,0.3873333333333333,0.030000000000000027,4
0.24081632653061225,0.18852459016393444,0.18775510204081633,0.0002941999991890043,0.6790575916230367,0.09913793103448276,4
0.4761904761904761,0.2771084337349397,0.3333333333333333,0.0001370999962091446,0.6013179571663921,0.02857142857142858,4
0.4125560538116592,0.12669683257918551,0.2062780269058296,0.0003291999892098829,0.25694808599895125,0.0,4
0.4031620553359684,0.28685258964143423,0.2766798418972332,0.00027219999174121767,0.4113159567705022,0.03305785123966942,4
0.6068965517241379,0.08391608391608392,0.30344827586206896,0.0006121999904280528,0.06752591762398431,0.0,4
0.5583756345177665,0.18461538461538463,0.2741116751269036,0.00040299999818671495,0.18108906711692696,0.0117647058823529,4
0.6107784431137725,0.14545454545454548,0.33532934131736525,0.0004030999989481643,0.149,0.03076923076923077,4
0.5016077170418006,0.36245954692556637,0.4308681672025723,0.00031709999893791974,0.3359173126614987,0.016949152542372836,4
0.36018957345971564,0.1339712918660287,0.22748815165876773,0.00046239999937824905,0.2067965188561956,0.010101010101010055,4
0.35242290748898675,0.27555555555555555,0.27312775330396477,0.0002837999927578494,0.3563636363636364,0.008620689655172376,4
0.22857142857142856,0.17232375979112272,0.16623376623376623,0.000287900009425357,0.5708037178786222,0.06451612903225812,4
0.5148514851485148,0.20202020202020202,0.37623762376237624,0.00019079999765381217,0.1891891891891892,0.0,4
0.6666666666666667,0.3021582733812949,0.43971631205673756,0.0002221999893663451,0.1956521739130435,0.0,4
0.34285714285714286,0.11560693641618497,0.21714285714285714,0.0002815000043483451,0.3225806451612903,0.0561797752808989,4
0.31627906976744186,0.11267605633802816,0.19534883720930235,0.0004368999943835661,0.2069663831510733,0.045454545454545414,4
0.3603603603603603,0.283987915407855,0.27627627627627627,0.0003192000003764406,0.45068928950159065,0.027027027027026973,4
0.3946488294314381,0.3232323232323232,0.2608695652173913,0.00035650000791065395,0.3186119873817035,0.0234375,4
0.3288888888888889,0.23318385650224216,0.24888888888888885,0.0003598000039346516,0.41304347826086957,0.02777777777777779,4
0.5,0.2439024390243903,0.29032258064516125,0.0006787000020267442,0.12808716707021792,0.02197802197802201,4
0.452991452991453,0.1896551724137931,0.23931623931623935,0.00029839998751413077,0.3600260416666667,0.01754385964912286,4
0.5849056603773585,0.10476190476190476,0.2830188679245283,0.0005707999953301623,0.10303561004086398,0.03947368421052633,4
0.3392857142857143,0.22522522522522523,0.2857142857142857,0.0002798999921651557,0.3906685236768802,0.03125,4
0.35978835978835977,0.10695187165775402,0.2328042328042328,0.00028950000705663115,0.29038587311968606,0.011494252873563204,4
0.5528455284552845,0.2540983606557377,0.2845528455284553,0.0005813000025227666,0.14397120575884823,0.01098901098901095,4
0.5842696629213483,0.23863636363636365,0.2584269662921348,0.0004107999993721023,0.14495985727029437,0.015625,4
0.5443786982248521,0.15568862275449102,0.29585798816568043,0.0006245999975362793,0.08333333333333333,0.0,4
0.39762611275964393,0.1970149253731343,0.27299703264094954,0.0003037999995285645,0.48451834862385323,0.09375,4
0.2857142857142857,0.1610169491525424,0.21008403361344538,0.00027630000840872526,0.42302357836338417,0.04132231404958675,4
0.45945945945945943,0.1780821917808219,0.2837837837837838,0.00025159999495372176,0.2368035190615836,0.0,4
0.3127962085308057,0.1339712918660287,0.1990521327014218,0.0002640999882714823,0.47996357012750457,0.0,4
0.36548223350253806,0.2857142857142857,0.3248730964467005,0.0005337000038707629,0.25440260092115957,0.054878048780487854,4
0.5550660792951543,0.15999999999999998,0.29955947136563876,0.000633100004051812,0.11813186813186813,0.03703703703703709,4
0.6495726495726496,0.5431034482758621,0.5299145299145299,0.0002769999991869554,0.37172359015091344,0.011363636363636354,4
0.4827586206896552,0.2548262548262548,0.29885057471264365,0.0003651000006357208,0.2095347943098808,0.11627906976744184,4
0.4166666666666667,0.18072289156626506,0.26190476190476186,0.00033070000063162297,0.24395857307249713,0.08695652173913049,4
0.46153846153846156,0.22413793103448276,0.2735042735042735,0.00043000000005122274,0.2027175908923981,0.04081632653061229,4
0.37536656891495607,0.20058997050147495,0.2404692082111437,0.00048770000285003334,0.263825634352635,0.01388888888888884,4
0.4603174603174603,0.2,0.2777777777777778,0.0005890000029467046,0.212864250177683,0.03539823008849563,4
0.3835616438356164,0.3317972350230415,0.3561643835616438,0.00018370000179857016,0.5958378970427163,0.0,4
0.6012269938650308,0.11180124223602485,0.2822085889570552,0.0006933000113349408,0.08755090168702734,0.016393442622950838,4
0.5611510791366907,0.11678832116788322,0.2589928057553957,0.0004641000123228878,0.12069698257543561,0.017857142857142905,4
0.47659574468085103,0.21459227467811162,0.28085106382978725,0.0005382000090321526,0.16638655462184873,0.03529411764705881,4
0.40975609756097564,0.25615763546798026,0.3219512195121952,0.0003163999936077744,0.453804347826087,0.022222222222222254,4
0.3190661478599222,0.13333333333333336,0.23346303501945526,0.00040260000969283283,0.3850746268656716,0.017094017094017144,4
0.4097560975609756,0.15763546798029557,0.23414634146341462,0.0003041000018129125,0.49455337690631807,0.012345679012345734,4
0.5496183206106869,0.09302325581395347,0.27480916030534347,0.0006103000050643459,0.06622094874243871,0.12765957446808507,4
0.3760683760683761,0.017391304347826087,0.15384615384615385,0.0005745000089518726,0.07241268824094842,0.0,4
0.4817518248175182,0.19259259259259262,0.2627737226277372,0.0007001999911153689,0.07827735644637053,0.0,4
0.4608294930875576,0.18604651162790697,0.25806451612903225,0.0006001000001560897,0.15554852987669934,0.021052631578947323,4
0.2771084337349397,0.21148036253776437,0.2228915662650602,0.0005583000020124018,0.5894105894105894,0.1596091205211726,4
0.30493273542600896,0.08144796380090498,0.19730941704035873,0.000606699992204085,0.19035054655107425,0.05319148936170215,4
0.6379310344827587,0.12280701754385966,0.27586206896551724,0.0005204000044614077,0.08436497019715727,0.0,4
0.5432098765432098,0.34024896265560167,0.34567901234567905,0.0003890999942086637,0.40120663650075417,0.020000000000000018,4
0.4979591836734694,0.13168724279835392,0.23673469387755097,0.0008665999921504408,0.1153757225433526,0.010000000000000009,4
0.4226415094339623,0.1749049429657795,0.2339622641509434,0.0006999000033829361,0.24937655860349128,0.010101010101010055,4
0.3786008230452675,0.10788381742738588,0.205761316872428,0.00028399999428074807,0.39327385037748797,0.22047244094488194,4
0.47916666666666674,0.1473684210526316,0.23958333333333337,0.00040600000647827983,0.21107266435986158,0.0,4
