guid,article_char_len,summary_engine,format,status,error,rouge1_f,rouge2_f,rougeL_f,rougeL_delta_vs_baseline,compression_ratio,repetition_rate,cleaned_char_len,sentence_count,ingest_latency_sec,summarize_latency_sec,predicted_summary,ingest_exact_match,ingest_char_len_ratio,ingest_sentence_count_delta,ingest_rougeL_f,ingest_replacement_char_count
494,1598,textrank,text_baseline,ok,,0.4457831325301204,0.14634146341463417,0.27710843373493976,0.0,0.2309136420525657,0.03076923076923077,1598,15,0.00012460000289138407,0.0019958000048063695,"Tối 13/5 , thông_tin từ phòng Cảnh_sát hình_sự , Công_an tỉnh Đắk_Lắk cho biết , chiều cùng ngày đơn_vị đã đưa đối_tượng Nguyễn Hoàng Quân_Nhi , 23 tuổi , nhân_viên công_ty đòi nợ thuê ở TP. Sau khi tiếp_nhận trình_báo , bằng các biện_pháp nghiệp lực_lượng Công_an tỉnh Đắk_Lắk xác_định được đối tượng đe_doạ anh Đức là Nguyễn_Hoàng_Quân_Nhi , hiện đang ở quận 11 , TP.",True,1.0,0,1.0,0
494,1598,textrank,file_txt,ok,,0.4457831325301204,0.14634146341463417,0.27710843373493976,0.0,0.2309136420525657,0.03076923076923077,1598,15,0.0024698999914107844,0.0018751999887172133,"Tối 13/5 , thông_tin từ phòng Cảnh_sát hình_sự , Công_an tỉnh Đắk_Lắk cho biết , chiều cùng ngày đơn_vị đã đưa đối_tượng Nguyễn Hoàng Quân_Nhi , 23 tuổi , nhân_viên công_ty đòi nợ thuê ở TP. Sau khi tiếp_nhận trình_báo , bằng các biện_pháp nghiệp lực_lượng Công_an tỉnh Đắk_Lắk xác_định được đối tượng đe_doạ anh Đức là Nguyễn_Hoàng_Quân_Nhi , hiện đang ở quận 11 , TP.",True,1.0,0,1.0,0
494,1598,textrank,file_docx,ok,,0.4457831325301204,0.14634146341463417,0.27710843373493976,0.0,0.2309136420525657,0.03076923076923077,1598,15,0.021420500008389354,0.0018106000061379746,"Tối 13/5 , thông_tin từ phòng Cảnh_sát hình_sự , Công_an tỉnh Đắk_Lắk cho biết , chiều cùng ngày đơn_vị đã đưa đối_tượng Nguyễn Hoàng Quân_Nhi , 23 tuổi , nhân_viên công_ty đòi nợ thuê ở TP. Sau khi tiếp_nhận trình_báo , bằng các biện_pháp nghiệp lực_lượng Công_an tỉnh Đắk_Lắk xác_định được đối tượng đe_doạ anh Đức là Nguyễn_Hoàng_Quân_Nhi , hiện đang ở quận 11 , TP.",True,1.0,0,1.0,0
494,1598,textrank,file_pdf,ok,,0.4222222222222222,0.0909090909090909,0.26666666666666666,-0.0104417670682731,0.0769712140175219,0.0,1598,53,0.01473979999718722,0.01664090000849683,"Tr??c ?ó , chi?u 4/5 anh ??c liên t?c nh?n ???c ?i?n
tho?i t? vi?c ph?c t?p , tiêu_c?c , ?nh h??ng ??n quy?n l?i c?a m?t s?",False,1.0,38,1.0,0
8563,2618,textrank,text_baseline,ok,,0.39622641509433965,0.17307692307692307,0.3018867924528302,0.0,0.07410236822001529,0.46875,2618,17,0.00016340000729542226,0.002189400009228848,Việt_Nam và Lào sẽ bàn các biện_pháp thúc_đẩy hợp_tác song_phương và cả các vấn_đề khu_vực . Việt_Anh Việt_Nam và Lào sẽ bàn các biện_pháp thúc_đẩy hợp_tác song_phương và cả các vấn_đề khu_vực .,True,1.0,0,1.0,0
8563,2618,textrank,file_txt,ok,,0.39622641509433965,0.17307692307692307,0.3018867924528302,0.0,0.07410236822001529,0.46875,2618,17,0.0038524000119650736,0.0023951999901328236,Việt_Nam và Lào sẽ bàn các biện_pháp thúc_đẩy hợp_tác song_phương và cả các vấn_đề khu_vực . Việt_Anh Việt_Nam và Lào sẽ bàn các biện_pháp thúc_đẩy hợp_tác song_phương và cả các vấn_đề khu_vực .,True,1.0,0,1.0,0
8563,2618,textrank,file_docx,ok,,0.39622641509433965,0.17307692307692307,0.3018867924528302,0.0,0.07410236822001529,0.46875,2618,17,0.0209476000018185,0.002044999986537732,Việt_Nam và Lào sẽ bàn các biện_pháp thúc_đẩy hợp_tác song_phương và cả các vấn_đề khu_vực . Việt_Anh Việt_Nam và Lào sẽ bàn các biện_pháp thúc_đẩy hợp_tác song_phương và cả các vấn_đề khu_vực .,True,1.0,0,1.0,0
8563,2618,textrank,file_pdf,ok,,0.4201680672268908,0.08547008547008546,0.21848739495798322,-0.08339939749484696,0.10114503816793893,0.0,2620,65,0.01724080000713002,0.0167508999875281,"Nikkei c?a
Nh?t_B?n hôm 28/5 cho_bi?t Th?_t??ng Lào_Thongloun_Sisoulith , trong cu?c ph?ng_v?n v?i báo này , ""
kêu_g?i nh?ng n??c có liên_quan ti?n_hành ??i_tho?i ?? liên_quan ??n
hai n??c , Vi?t_Nam theo_?u?i bi?n_pháp gi?i_quy?t song_ph??ng , ??i_v?i nh?ng v?n_??",False,1.0007639419404126,48,1.0,0
55,1977,textrank,text_baseline,ok,,0.4888888888888889,0.348314606741573,0.35555555555555557,0.0,0.2013151239251391,0.0,1977,19,0.00015100000018719584,0.0025101000064751133,"Cà_Mau , Cà_Mau ) , Phó tổng_giám_đốc Công_ty TNHH Xây_dựng - Thương_mại - Du_lịch Công_Lý ( gọi tắt là Công_ty Công_Lý ) để điều_tra về hành_vi lừa_đảo chiếm_đoạt tài_sản theo Điều 179 Bộ Luật_hình_sự . Thông_tin trên báo Người Lao_Động , gần đây , công_ty Công_Lý đề_xuất UBND tỉnh Cà_Mau cấp kinh_phí và đất để chôn xác thai_nhi do nhà_máy rác của công_ty này phát_hiện từ khi đi vào hoạt_động .",True,1.0,0,1.0,0
55,1977,textrank,file_txt,ok,,0.4888888888888889,0.348314606741573,0.35555555555555557,0.0,0.2013151239251391,0.0,1977,19,0.0030085999896982685,0.002470600011292845,"Cà_Mau , Cà_Mau ) , Phó tổng_giám_đốc Công_ty TNHH Xây_dựng - Thương_mại - Du_lịch Công_Lý ( gọi tắt là Công_ty Công_Lý ) để điều_tra về hành_vi lừa_đảo chiếm_đoạt tài_sản theo Điều 179 Bộ Luật_hình_sự . Thông_tin trên báo Người Lao_Động , gần đây , công_ty Công_Lý đề_xuất UBND tỉnh Cà_Mau cấp kinh_phí và đất để chôn xác thai_nhi do nhà_máy rác của công_ty này phát_hiện từ khi đi vào hoạt_động .",True,1.0,0,1.0,0
55,1977,textrank,file_docx,ok,,0.4888888888888889,0.348314606741573,0.35555555555555557,0.0,0.2013151239251391,0.0,1977,19,0.019616399993537925,0.002653100003954023,"Cà_Mau , Cà_Mau ) , Phó tổng_giám_đốc Công_ty TNHH Xây_dựng - Thương_mại - Du_lịch Công_Lý ( gọi tắt là Công_ty Công_Lý ) để điều_tra về hành_vi lừa_đảo chiếm_đoạt tài_sản theo Điều 179 Bộ Luật_hình_sự . Thông_tin trên báo Người Lao_Động , gần đây , công_ty Công_Lý đề_xuất UBND tỉnh Cà_Mau cấp kinh_phí và đất để chôn xác thai_nhi do nhà_máy rác của công_ty này phát_hiện từ khi đi vào hoạt_động .",True,1.0,0,1.0,0
55,1977,textrank,file_pdf,ok,,0.5858585858585857,0.18556701030927839,0.2828282828282828,-0.07272727272727275,0.07991906929691452,0.0,1977,53,0.014109800002188422,0.01269499999762047,"Công_an ?ã t?ng_??t quy?t_??nh b?t t?m giam
??i_v?i Tô_Công_Lý ( 35 tu?i , ng? xã ??t_M?i , huy?n Ng?c_Hi?n ( Cà_Mau ) và Nhà_máy x?_lý rác_th?i TP Cà_Mau ...",False,1.0,34,1.0,0
11152,1964,textrank,text_baseline,ok,,0.6590909090909092,0.3023255813953488,0.5,0.0,0.07892057026476579,0.4,1964,15,0.0001328999933321029,0.0013902999926358461,Hơn 100 người di_cư vào Mỹ qua đoạn tường biên_giới ở Arizona . Hồng_Hạnh ( Theo Fox_News ) Hơn 100 người di_cư vào Mỹ qua đoạn tường biên_giới ở Arizona .,True,1.0,0,1.0,0
11152,1964,textrank,file_txt,ok,,0.6590909090909092,0.3023255813953488,0.5,0.0,0.07892057026476579,0.4,1964,15,0.002896799996960908,0.0015843000001041219,Hơn 100 người di_cư vào Mỹ qua đoạn tường biên_giới ở Arizona . Hồng_Hạnh ( Theo Fox_News ) Hơn 100 người di_cư vào Mỹ qua đoạn tường biên_giới ở Arizona .,True,1.0,0,1.0,0
11152,1964,textrank,file_docx,ok,,0.6590909090909092,0.3023255813953488,0.5,0.0,0.07892057026476579,0.4,1964,15,0.021069900001748465,0.0014781999925617129,Hơn 100 người di_cư vào Mỹ qua đoạn tường biên_giới ở Arizona . Hồng_Hạnh ( Theo Fox_News ) Hơn 100 người di_cư vào Mỹ qua đoạn tường biên_giới ở Arizona .,True,1.0,0,1.0,0
11152,1964,textrank,file_pdf,ok,,0.4878048780487805,0.2479338842975207,0.2764227642276422,-0.22357723577235777,0.11965376782077393,0.0,1964,61,0.014724699998623691,0.019844300011754967,"( FAIR ) nh?n_m?nh t?m
quan_tr?ng c?a vi?c xây_d?ng hàng_rào biên_gi?i ch?c_ch?n h?n , trong b?i_c?nh T?ng_th?ng Donald_Trump
?ang tìm cách xây_d?ng b?c t??ng biên_gi?i v?i Mexico . không ng?n ???c h?t m?i ng??i , nh?ng ch?c_ch?n nó s?",False,1.0,46,1.0,0
5005,4410,textrank,text_baseline,ok,,0.5205479452054795,0.20833333333333331,0.31506849315068497,0.0,0.06281179138321996,0.06557377049180324,4410,35,0.0002544999879319221,0.007473799996660091,"Ngày 17-11-2015 , Nga tuyên bố các hành động khủng bố là nguyên_nhân khiến máy bay Metrojet bị rơi sau khi phát hiện các dấu vết của thuốc nổ trên xác mác bay . Vụ đánh bom máy bay Nga năm 2015 được xem là hành động khủng bố đẫm máu nhất nhắm vào du khách nước ngoài ở Ai Cập .",True,1.0,0,1.0,0
5005,4410,textrank,file_txt,ok,,0.5205479452054795,0.20833333333333331,0.31506849315068497,0.0,0.06281179138321996,0.06557377049180324,4410,35,0.006120599995483644,0.007592299996758811,"Ngày 17-11-2015 , Nga tuyên bố các hành động khủng bố là nguyên_nhân khiến máy bay Metrojet bị rơi sau khi phát hiện các dấu vết của thuốc nổ trên xác mác bay . Vụ đánh bom máy bay Nga năm 2015 được xem là hành động khủng bố đẫm máu nhất nhắm vào du khách nước ngoài ở Ai Cập .",True,1.0,0,1.0,0
5005,4410,textrank,file_docx,ok,,0.5205479452054795,0.20833333333333331,0.31506849315068497,0.0,0.06281179138321996,0.06557377049180324,4410,35,0.022957399996812455,0.007296299998415634,"Ngày 17-11-2015 , Nga tuyên bố các hành động khủng bố là nguyên_nhân khiến máy bay Metrojet bị rơi sau khi phát hiện các dấu vết của thuốc nổ trên xác mác bay . Vụ đánh bom máy bay Nga năm 2015 được xem là hành động khủng bố đẫm máu nhất nhắm vào du khách nước ngoài ở Ai Cập .",True,1.0,0,1.0,0
5005,4410,textrank,file_pdf,ok,,0.5346534653465346,0.10101010101010101,0.33663366336633666,0.021565170215651686,0.03423260031738835,0.0,4411,146,0.01783709999290295,0.08268149998912122,"Ng??i Anh , sau m?t cu?c ?i?u tra ?ã th?n tr?ng ??a ra k?t lu?n "" máy bay ?ã c? Luxor ,
Ai_C?p , gi?t ch?t 62 ng??i , ph?n_l?n là du_khách n??c_ngoài .",False,1.0002267573696144,111,1.0,0
10389,1426,textrank,text_baseline,ok,,0.45833333333333326,0.17021276595744683,0.3333333333333333,0.0,0.1388499298737728,0.09999999999999998,1426,14,0.00015199999324977398,0.0012532999971881509,"Căn_cứ Guam của Mỹ ở Thái_Bình_Dương . Triều_Tiên hôm 9/8 tuyên_bố sẽ tấn_công đảo Guam , căn_cứ_quân_sự quan_trọng của Mỹ ở Thái_Bình_Dương , bằng tên_lửa_đạn_đạo chiến_lược tầm trung Hwasong -12 .",True,1.0,0,1.0,0
10389,1426,textrank,file_txt,ok,,0.45833333333333326,0.17021276595744683,0.3333333333333333,0.0,0.1388499298737728,0.09999999999999998,1426,14,0.002744400000665337,0.0013467999960994348,"Căn_cứ Guam của Mỹ ở Thái_Bình_Dương . Triều_Tiên hôm 9/8 tuyên_bố sẽ tấn_công đảo Guam , căn_cứ_quân_sự quan_trọng của Mỹ ở Thái_Bình_Dương , bằng tên_lửa_đạn_đạo chiến_lược tầm trung Hwasong -12 .",True,1.0,0,1.0,0
10389,1426,textrank,file_docx,ok,,0.45833333333333326,0.17021276595744683,0.3333333333333333,0.0,0.1388499298737728,0.09999999999999998,1426,14,0.021086900000227615,0.001448099996196106,"Căn_cứ Guam của Mỹ ở Thái_Bình_Dương . Triều_Tiên hôm 9/8 tuyên_bố sẽ tấn_công đảo Guam , căn_cứ_quân_sự quan_trọng của Mỹ ở Thái_Bình_Dương , bằng tên_lửa_đạn_đạo chiến_lược tầm trung Hwasong -12 .",True,1.0,0,1.0,0
10389,1426,textrank,file_pdf,ok,,0.37837837837837834,0.1834862385321101,0.18018018018018017,-0.15315315315315314,0.17461430575035064,0.022222222222222254,1426,46,0.017486199998529628,0.008169799999450333,"ph?i h?_th?n tr??c toàn
th?_gi?i m?t l?n n?a "" , Sputnik d?n l?i ông Jin_Jong - Hyop , ??i_bi?n ??i_s?_quán Tri?u_Tiên t?i Nga ,
cho_bi?t . Ông Jin nh?c ??n cu?c t?p_tr?n chung
khai màn tu?n này , cho_bi?t Bình_Nh??ng ?ang theo_dõi sát , s?n_sàng m?",False,1.0,32,1.0,0
7706,1978,textrank,text_baseline,ok,,0.5254237288135594,0.3275862068965517,0.4406779661016949,0.0,0.11577350859453994,0.47058823529411764,1978,11,0.00014579998969566077,0.0010612000041874126,Tổng_thống Mỹ Donald_Trump phát_biểu về kế_hoạch rút Mỹ khỏi Hiệp_định Paris chống biến_đổi khí_hậu ngày 1/6 . An_Hồng Tổng_thống Mỹ Donald_Trump phát_biểu về kế_hoạch rút Mỹ khỏi Hiệp_định Paris chống biến_đổi khí_hậu ngày 1/6 .,True,1.0,0,1.0,0
7706,1978,textrank,file_txt,ok,,0.5254237288135594,0.3275862068965517,0.4406779661016949,0.0,0.11577350859453994,0.47058823529411764,1978,11,0.0029489000007743016,0.0010750000074040145,Tổng_thống Mỹ Donald_Trump phát_biểu về kế_hoạch rút Mỹ khỏi Hiệp_định Paris chống biến_đổi khí_hậu ngày 1/6 . An_Hồng Tổng_thống Mỹ Donald_Trump phát_biểu về kế_hoạch rút Mỹ khỏi Hiệp_định Paris chống biến_đổi khí_hậu ngày 1/6 .,True,1.0,0,1.0,0
7706,1978,textrank,file_docx,ok,,0.5254237288135594,0.3275862068965517,0.4406779661016949,0.0,0.11577350859453994,0.47058823529411764,1978,11,0.0213928000011947,0.0010526999976718798,Tổng_thống Mỹ Donald_Trump phát_biểu về kế_hoạch rút Mỹ khỏi Hiệp_định Paris chống biến_đổi khí_hậu ngày 1/6 . An_Hồng Tổng_thống Mỹ Donald_Trump phát_biểu về kế_hoạch rút Mỹ khỏi Hiệp_định Paris chống biến_đổi khí_hậu ngày 1/6 .,True,1.0,0,1.0,0
7706,1978,textrank,file_pdf,ok,,0.5849056603773584,0.1923076923076923,0.32075471698113206,-0.11992324912056285,0.0980788675429727,0.0,1978,44,0.014905399992130697,0.010109900002134964,"b?t_l?i so v?i các n??c khác trên th?_gi?i "" , T?ng_th?ng Donald_Trump gi?i_thích
cho quy?t_??nh rút M? Ông Purvis cho_bi?t ba n?m sau ngày 4/10/2016 , th?i_?i?m Hi?p_??nh Paris có hi?u_l?c ,
M?",False,1.0,33,1.0,0
3927,1306,textrank,text_baseline,ok,,0.6741573033707865,0.4827586206896552,0.5393258426966292,0.0,0.10719754977029096,0.03703703703703709,1306,13,0.00010489999840501696,0.0011181000008946285,"Ông Lê_Hoà_Bình được điều_động về làm chủ_tịch UBND quận 7 vào tháng 3-2016 . Trước khi về quận 7 , ông Bình là phó Giám_đốc Sở Xây_dựng TP.",True,1.0,0,1.0,0
3927,1306,textrank,file_txt,ok,,0.6741573033707865,0.4827586206896552,0.5393258426966292,0.0,0.10719754977029096,0.03703703703703709,1306,13,0.002041800005827099,0.0013987999991513789,"Ông Lê_Hoà_Bình được điều_động về làm chủ_tịch UBND quận 7 vào tháng 3-2016 . Trước khi về quận 7 , ông Bình là phó Giám_đốc Sở Xây_dựng TP.",True,1.0,0,1.0,0
3927,1306,textrank,file_docx,ok,,0.6741573033707865,0.4827586206896552,0.5393258426966292,0.0,0.10719754977029096,0.03703703703703709,1306,13,0.01916480000363663,0.0013685000012628734,"Ông Lê_Hoà_Bình được điều_động về làm chủ_tịch UBND quận 7 vào tháng 3-2016 . Trước khi về quận 7 , ông Bình là phó Giám_đốc Sở Xây_dựng TP.",True,1.0,0,1.0,0
3927,1306,textrank,file_pdf,ok,,0.4153846153846154,0.18749999999999997,0.23076923076923075,-0.30855661192739847,0.1883614088820827,0.0,1306,41,0.01679819999844767,0.006697999997413717,"Xây_d?ng TP c?ng v?a nh?n thêm ch?c_n?ng qu?n_lý cây_xanh , ch?c_n?ng ch?ng ng?p , xây_d?ng c?ng
là l?nh_v?c r?t nh?y_c?m , nhi?u v?n_?? và mong_mu?n ông
Lê_Hoà_Bình phát_huy n?ng_l?c , tinh_th?n trách_nhi?m hoàn_thành t?t tr?ng_trách ???c giao .",False,1.0,28,1.0,0
14906,2454,textrank,text_baseline,ok,,0.5686274509803921,0.32673267326732675,0.43137254901960786,0.0,0.17440912795436023,0.02898550724637683,2454,17,0.00015829999756533653,0.0019050999981118366,"Chiều 13/6 , theo người_dân phản_ánh , công_ty Toàn_Tích_Thiện đã ngang_nhiên cho nhiều xe_tải chở chất_thải xây_dựng trộn lẩn hoá_chất ( màu xanh , đỏ , tím ) và nhiều bao_bì ghi chữ nước_ngoài đổ san_lấp xuống_đường dân_sinh nhánh nối từ trục đường 4C ra khu nhà_quản_lý của công_ty Toàn_Tích_Thiện , thuộc phường Quảng_Vinh , TP. Con đường dân_sinh bị doanh_nghiệp đổ chất_thải xây_dựng lẫn hoá_chất khiến người_dân bức_xúc .",True,1.0,0,1.0,0
14906,2454,textrank,file_txt,ok,,0.5686274509803921,0.32673267326732675,0.43137254901960786,0.0,0.17440912795436023,0.02898550724637683,2454,17,0.0036262999929022044,0.0019589000003179535,"Chiều 13/6 , theo người_dân phản_ánh , công_ty Toàn_Tích_Thiện đã ngang_nhiên cho nhiều xe_tải chở chất_thải xây_dựng trộn lẩn hoá_chất ( màu xanh , đỏ , tím ) và nhiều bao_bì ghi chữ nước_ngoài đổ san_lấp xuống_đường dân_sinh nhánh nối từ trục đường 4C ra khu nhà_quản_lý của công_ty Toàn_Tích_Thiện , thuộc phường Quảng_Vinh , TP. Con đường dân_sinh bị doanh_nghiệp đổ chất_thải xây_dựng lẫn hoá_chất khiến người_dân bức_xúc .",True,1.0,0,1.0,0
14906,2454,textrank,file_docx,ok,,0.5686274509803921,0.32673267326732675,0.43137254901960786,0.0,0.17440912795436023,0.02898550724637683,2454,17,0.019581800006562844,0.0019653999916044995,"Chiều 13/6 , theo người_dân phản_ánh , công_ty Toàn_Tích_Thiện đã ngang_nhiên cho nhiều xe_tải chở chất_thải xây_dựng trộn lẩn hoá_chất ( màu xanh , đỏ , tím ) và nhiều bao_bì ghi chữ nước_ngoài đổ san_lấp xuống_đường dân_sinh nhánh nối từ trục đường 4C ra khu nhà_quản_lý của công_ty Toàn_Tích_Thiện , thuộc phường Quảng_Vinh , TP. Con đường dân_sinh bị doanh_nghiệp đổ chất_thải xây_dựng lẫn hoá_chất khiến người_dân bức_xúc .",True,1.0,0,1.0,0
14906,2454,textrank,file_pdf,ok,,0.6299212598425197,0.27199999999999996,0.31496062992125984,-0.11641191909834803,0.06639511201629328,0.0,2455,56,0.015675100003136322,0.012896700005512685,"dân s?ng c?nh con_???ng
b?c_xúc : "" Vi?c công_ty Toàn_Tích_Thi?n ngang_nhiên cho hàng ch?c xe_t?i l?n nh? ch?t_th?i
xây_d?ng l?n hoá_ch?t khi?n ng??i_dân b?c_xúc .",False,1.0004074979625102,39,1.0,0
10408,2451,textrank,text_baseline,ok,,0.39534883720930236,0.1411764705882353,0.26744186046511625,0.0,0.16075071399428806,0.042857142857142816,2451,19,0.0001559000083943829,0.002166000005672686,"Các nhà điều_tra phải xác_định tại_sao phi cơ không đủ nhiên_liệu bởi nó chỉ còn cách sân_bay 8 km . Thiếu nhiên_liệu là điều "" rất , rất hiếm xảy ra trong hàng_không thương_mại bởi có nhiều khâu kiểm_tra để chắc_chắn phi cơ đủ nhiên_liệu thực_hiện hành_trình "" , Grant_Brophy , nhà điều_tra an_toàn hàng_không , nói , cảnh_báo không nên đưa ra quá nhiều suy_đoán dựa vào hình_ảnh hiện_trường .",True,1.0,0,1.0,0
10408,2451,textrank,file_txt,ok,,0.39534883720930236,0.1411764705882353,0.26744186046511625,0.0,0.16075071399428806,0.042857142857142816,2451,19,0.0038438999908976257,0.0024333000037586316,"Các nhà điều_tra phải xác_định tại_sao phi cơ không đủ nhiên_liệu bởi nó chỉ còn cách sân_bay 8 km . Thiếu nhiên_liệu là điều "" rất , rất hiếm xảy ra trong hàng_không thương_mại bởi có nhiều khâu kiểm_tra để chắc_chắn phi cơ đủ nhiên_liệu thực_hiện hành_trình "" , Grant_Brophy , nhà điều_tra an_toàn hàng_không , nói , cảnh_báo không nên đưa ra quá nhiều suy_đoán dựa vào hình_ảnh hiện_trường .",True,1.0,0,1.0,0
10408,2451,textrank,file_docx,ok,,0.39534883720930236,0.1411764705882353,0.26744186046511625,0.0,0.16075071399428806,0.042857142857142816,2451,19,0.0211120000021765,0.0025292000063927844,"Các nhà điều_tra phải xác_định tại_sao phi cơ không đủ nhiên_liệu bởi nó chỉ còn cách sân_bay 8 km . Thiếu nhiên_liệu là điều "" rất , rất hiếm xảy ra trong hàng_không thương_mại bởi có nhiều khâu kiểm_tra để chắc_chắn phi cơ đủ nhiên_liệu thực_hiện hành_trình "" , Grant_Brophy , nhà điều_tra an_toàn hàng_không , nói , cảnh_báo không nên đưa ra quá nhiều suy_đoán dựa vào hình_ảnh hiện_trường .",True,1.0,0,1.0,0
10408,2451,textrank,file_pdf,ok,,0.4086021505376344,0.10989010989010989,0.23655913978494625,-0.030882720680170006,0.07218597063621533,0.0,2452,71,0.01858969999011606,0.022081100003561005,"là m?t lý_do gi?i_thích t?i_sao
có ng??i s?ng_sót trong th?m_k?ch nh?_v?y "" , Geoffrey_Thomas , t?ng_biên_t?p Airlineratings.com ,
nh?n_??nh . nát t?i hi?n_tr??ng Nh?_Tâm Phi_c?",False,1.0004079967360262,52,1.0,0
14913,4165,textrank,text_baseline,ok,,0.6521739130434782,0.23684210526315788,0.3391304347826087,0.0,0.10348139255702281,0.04054054054054057,4165,35,0.0002449000021442771,0.007158299995353445,"Chia_sẻ cảm_xúc về bộ_phim , cô Văn_Thuỳ_Dương , con_gái PGS Văn_Như_Cương , Phó Hiệu_trưởng trường Lương_Thế_Vinh bày_tỏ , bộ_phim nói lên sự giản_dị và chân_thực về cuộc_đời của thầy Văn_Như_Cương , một ông đồ khó_tính nhiều khi đến khó chiụ nhưng ẩn sau đó là một tình yêu_thương bao_la đối_với học_sinh , với mọi người . Các khách mời , giáo_viên và học_sinh trường Lương_Thế_Vinh xem bộ phim Ông đồ gàn về thầy Văn_Như_Cương .",True,1.0,0,1.0,0
14913,4165,textrank,file_txt,ok,,0.6521739130434782,0.23684210526315788,0.3391304347826087,0.0,0.10348139255702281,0.04054054054054057,4165,35,0.0061550999962491915,0.007211600008304231,"Chia_sẻ cảm_xúc về bộ_phim , cô Văn_Thuỳ_Dương , con_gái PGS Văn_Như_Cương , Phó Hiệu_trưởng trường Lương_Thế_Vinh bày_tỏ , bộ_phim nói lên sự giản_dị và chân_thực về cuộc_đời của thầy Văn_Như_Cương , một ông đồ khó_tính nhiều khi đến khó chiụ nhưng ẩn sau đó là một tình yêu_thương bao_la đối_với học_sinh , với mọi người . Các khách mời , giáo_viên và học_sinh trường Lương_Thế_Vinh xem bộ phim Ông đồ gàn về thầy Văn_Như_Cương .",True,1.0,0,1.0,0
14913,4165,textrank,file_docx,ok,,0.6521739130434782,0.23684210526315788,0.3391304347826087,0.0,0.10348139255702281,0.04054054054054057,4165,35,0.020094899999094196,0.0069632000086130574,"Chia_sẻ cảm_xúc về bộ_phim , cô Văn_Thuỳ_Dương , con_gái PGS Văn_Như_Cương , Phó Hiệu_trưởng trường Lương_Thế_Vinh bày_tỏ , bộ_phim nói lên sự giản_dị và chân_thực về cuộc_đời của thầy Văn_Như_Cương , một ông đồ khó_tính nhiều khi đến khó chiụ nhưng ẩn sau đó là một tình yêu_thương bao_la đối_với học_sinh , với mọi người . Các khách mời , giáo_viên và học_sinh trường Lương_Thế_Vinh xem bộ phim Ông đồ gàn về thầy Văn_Như_Cương .",True,1.0,0,1.0,0
14913,4165,textrank,file_pdf,ok,,0.703030303030303,0.20858895705521474,0.3636363636363636,0.02450592885375491,0.05063594912407007,0.02564102564102566,4167,124,0.01853490000939928,0.06315669999457896,"l?i nh?ng vi?c_làm r?t nhân_v?n c?a th?y_giáo V?n_Nh?_C??ng , b?i ngoài lúc "" gàn "" ra ,
thì c?ng r?t nhi?u tr??ng_h?p "" không nguyên_t?c "" ???c ông nh?n vào tr??ng . cu?c_??i c?a th?y V?n_Nh?_C??ng , m?t ông ??",False,1.0004801920768307,89,1.0,0
14438,2752,textrank,text_baseline,ok,,0.495575221238938,0.16216216216216217,0.2831858407079646,0.0,0.04796511627906977,0.0,2752,41,0.000189200000022538,0.008951999989221804,"Cô_giáo chủ_nhiệm N.T . Ông Lê_Hữu_Phước , Hội_trưởng hội Cha_mẹ học_sinh Trường THCS Duy_Ninh cho_biết : "" Hành_động của cô_giáo T.",True,1.0,0,1.0,0
14438,2752,textrank,file_txt,ok,,0.495575221238938,0.16216216216216217,0.2831858407079646,0.0,0.04796511627906977,0.0,2752,41,0.004159499992965721,0.009041999990586191,"Cô_giáo chủ_nhiệm N.T . Ông Lê_Hữu_Phước , Hội_trưởng hội Cha_mẹ học_sinh Trường THCS Duy_Ninh cho_biết : "" Hành_động của cô_giáo T.",True,1.0,0,1.0,0
14438,2752,textrank,file_docx,ok,,0.495575221238938,0.16216216216216217,0.2831858407079646,0.0,0.04796511627906977,0.0,2752,41,0.01925430000119377,0.00907480000751093,"Cô_giáo chủ_nhiệm N.T . Ông Lê_Hữu_Phước , Hội_trưởng hội Cha_mẹ học_sinh Trường THCS Duy_Ninh cho_biết : "" Hành_động của cô_giáo T.",True,1.0,0,1.0,0
14438,2752,textrank,file_pdf,ok,,0.5962732919254659,0.26415094339622647,0.3354037267080745,0.0522178860001099,0.09041394335511982,0.0,2754,79,0.01640580000821501,0.02534160000504926,"xã Duy_Ninh ( huy?n Qu?ng_Ninh , t?nh Qu?ng_Bình ) cho
bi?t , ?ang yêu_c?u x?_lý ki?m_?i?m nghiêm_túc cô_giáo ph?t h?c_sinh 231 cái tát khi?n cháu bé l?p 6
nh?p_vi?n . ?ã t?ng ph?t 2 h?c_sinh khác b?ng hình_th?c yêu_c?u các b?n cùng l?p tát vào má .",False,1.0007267441860466,38,1.0,0
1241,2561,textrank,text_baseline,ok,,0.38775510204081637,0.10416666666666667,0.24489795918367344,0.0,0.08043732916829363,0.02941176470588236,2561,22,0.00016570001025684178,0.0027986999921267852,"Nhân chuyến biểu_diễn của Hồ_Quỳnh_Hương ở Hà_Nội , fan club của nữ ca_sĩ đã tổ_chức buổi giao_lưu ấm_cúng với các fan thân_thiết nhất . Song_Ngư Nữ ca_sĩ Hồ_Quỳnh_Hương trong buổi giao_lưu với fan hâm_mộ .",True,1.0,0,1.0,0
1241,2561,textrank,file_txt,ok,,0.38775510204081637,0.10416666666666667,0.24489795918367344,0.0,0.08043732916829363,0.02941176470588236,2561,22,0.0037832000089110807,0.002926899993326515,"Nhân chuyến biểu_diễn của Hồ_Quỳnh_Hương ở Hà_Nội , fan club của nữ ca_sĩ đã tổ_chức buổi giao_lưu ấm_cúng với các fan thân_thiết nhất . Song_Ngư Nữ ca_sĩ Hồ_Quỳnh_Hương trong buổi giao_lưu với fan hâm_mộ .",True,1.0,0,1.0,0
1241,2561,textrank,file_docx,ok,,0.38775510204081637,0.10416666666666667,0.24489795918367344,0.0,0.08043732916829363,0.02941176470588236,2561,22,0.020154800004092976,0.003257200005464256,"Nhân chuyến biểu_diễn của Hồ_Quỳnh_Hương ở Hà_Nội , fan club của nữ ca_sĩ đã tổ_chức buổi giao_lưu ấm_cúng với các fan thân_thiết nhất . Song_Ngư Nữ ca_sĩ Hồ_Quỳnh_Hương trong buổi giao_lưu với fan hâm_mộ .",True,1.0,0,1.0,0
1241,2561,textrank,file_pdf,ok,,0.37777777777777777,0.1590909090909091,0.24444444444444446,-0.0004535147392289718,0.06710885680842762,0.0,2563,99,0.01826759999676142,0.04403740000270773,"Fan c?ng lên k?_ho?ch
cùng H?_Qu?nh_H??ng t?_ch?c m?t chuy?n trao_t?ng quà cho nh?ng ng??i vô_gia_c? Ngoài_ra , sau T?t , m?t bu?i h?p fan v?i quy_mô l?n t?i Hà_N?i c?ng s?",False,1.0007809449433815,77,1.0,0
19076,3648,textrank,text_baseline,ok,,0.4832214765100671,0.24489795918367346,0.2684563758389262,0.0,0.08717105263157894,0.037735849056603765,3648,29,0.00023320000036619604,0.005301800003508106,"Sở Giao_thông Vận_tải tỉnh Thanh_Hoá vừa hoàn_thành cầu bộ_hành bắc qua đường_sắt tại nút giao_cắt từ quốc_lộ 1A rẽ vào quốc_lộ 217B , ở xã Quang_Trung , thị_xã Bỉm_Sơn . Mục_đích xây_dựng cầu nhằm phục_vụ cho việc đi_lại của người_dân xã Quang_Trung khi ngành đường_sắt thực_hiện đóng chắn nút giao đầu quốc_lộ 217B .",True,1.0,0,1.0,0
19076,3648,textrank,file_txt,ok,,0.4832214765100671,0.24489795918367346,0.2684563758389262,0.0,0.08717105263157894,0.037735849056603765,3648,29,0.005696000007446855,0.00577230000635609,"Sở Giao_thông Vận_tải tỉnh Thanh_Hoá vừa hoàn_thành cầu bộ_hành bắc qua đường_sắt tại nút giao_cắt từ quốc_lộ 1A rẽ vào quốc_lộ 217B , ở xã Quang_Trung , thị_xã Bỉm_Sơn . Mục_đích xây_dựng cầu nhằm phục_vụ cho việc đi_lại của người_dân xã Quang_Trung khi ngành đường_sắt thực_hiện đóng chắn nút giao đầu quốc_lộ 217B .",True,1.0,0,1.0,0
19076,3648,textrank,file_docx,ok,,0.4832214765100671,0.24489795918367346,0.2684563758389262,0.0,0.08717105263157894,0.037735849056603765,3648,29,0.020521099999314174,0.005337900001904927,"Sở Giao_thông Vận_tải tỉnh Thanh_Hoá vừa hoàn_thành cầu bộ_hành bắc qua đường_sắt tại nút giao_cắt từ quốc_lộ 1A rẽ vào quốc_lộ 217B , ở xã Quang_Trung , thị_xã Bỉm_Sơn . Mục_đích xây_dựng cầu nhằm phục_vụ cho việc đi_lại của người_dân xã Quang_Trung khi ngành đường_sắt thực_hiện đóng chắn nút giao đầu quốc_lộ 217B .",True,1.0,0,1.0,0
19076,3648,textrank,file_pdf,ok,,0.48000000000000004,0.2926829268292683,0.304,0.03554362416107382,0.0684931506849315,0.0,3650,82,0.01812449999852106,0.03234239999437705,"cho vi?c ?i_l?i c?a ng??i_dân xã Quang_Trung khi ngành ???ng_s?t
th?c_hi?n ?óng ch?n nút giao ??u qu?c_l? Ngoài_ra theo ng??i_dân , v?_trí hai ?i?m lên xu?ng c?u_v??t
???ng_s?t ??t c?nh mép ???ng 1A và m?t tuy?n ???ng tránh khác khi?n ti?m_?n nguy_c?",False,1.000548245614035,53,1.0,0
13998,3637,textrank,text_baseline,ok,,0.6468401486988847,0.3670411985018727,0.3420074349442379,0.0,0.13967555677756394,0.024691358024691357,3637,21,0.00021100000594742596,0.0029672999953618273,"Thanh_toán điện_tử được khuyến_khích bởi những hoạt_động thanh_toán này sẽ được ghi lại trên hệ_thống và từ đó nhà_chức_trách có_thể dễ_dàng kiểm_tra , giám_sát , cũng như bảo_vệ cho người dùng . Có_thể nói , sự nhập_cuộc vô_cùng mạnh_mẽ của hệ_thống ngân_hàng cùng sự phát_triển không ngừng của công_nghệ tạo điều_kiện cho người tiêu_dùng được trải nghiệm nhiều hơn các tiện_ích tài_chính hiện_đại với độ an_toàn , bảo_mật cao , từ đó dần thay_đổi thói_quen thanh_toán bằng tiền_mặt sang thanh_toán online .",True,1.0,0,1.0,0
13998,3637,textrank,file_txt,ok,,0.6468401486988847,0.3670411985018727,0.3420074349442379,0.0,0.13967555677756394,0.024691358024691357,3637,21,0.0053626000008080155,0.00323729999945499,"Thanh_toán điện_tử được khuyến_khích bởi những hoạt_động thanh_toán này sẽ được ghi lại trên hệ_thống và từ đó nhà_chức_trách có_thể dễ_dàng kiểm_tra , giám_sát , cũng như bảo_vệ cho người dùng . Có_thể nói , sự nhập_cuộc vô_cùng mạnh_mẽ của hệ_thống ngân_hàng cùng sự phát_triển không ngừng của công_nghệ tạo điều_kiện cho người tiêu_dùng được trải nghiệm nhiều hơn các tiện_ích tài_chính hiện_đại với độ an_toàn , bảo_mật cao , từ đó dần thay_đổi thói_quen thanh_toán bằng tiền_mặt sang thanh_toán online .",True,1.0,0,1.0,0
13998,3637,textrank,file_docx,ok,,0.6468401486988847,0.3670411985018727,0.3420074349442379,0.0,0.13967555677756394,0.024691358024691357,3637,21,0.020966399999451824,0.003108699995209463,"Thanh_toán điện_tử được khuyến_khích bởi những hoạt_động thanh_toán này sẽ được ghi lại trên hệ_thống và từ đó nhà_chức_trách có_thể dễ_dàng kiểm_tra , giám_sát , cũng như bảo_vệ cho người dùng . Có_thể nói , sự nhập_cuộc vô_cùng mạnh_mẽ của hệ_thống ngân_hàng cùng sự phát_triển không ngừng của công_nghệ tạo điều_kiện cho người tiêu_dùng được trải nghiệm nhiều hơn các tiện_ích tài_chính hiện_đại với độ an_toàn , bảo_mật cao , từ đó dần thay_đổi thói_quen thanh_toán bằng tiền_mặt sang thanh_toán online .",True,1.0,0,1.0,0
13998,3637,textrank,file_pdf,ok,,0.6557377049180328,0.27624309392265195,0.36065573770491804,0.018648302760680135,0.07007419620774938,0.0,3639,84,0.018656000000191852,0.03067680000094697,"ti?n_m?t trong t?ng ph??ng_ti?n thanh_toán là khá cao so v?i nhi?u n??c trên th?_gi?i , dù
c?_s?_h?_t?ng cho thanh_toán tr?c_tuy?n ?ã có nh?ng b??c phát_tri?n nh?t_??nh . , d?n t?i ng?i
thay_??i thói_quen truy?n_th?ng c?a mình - thanh_toán b?ng ti?n_m?t .",False,1.0005499037668408,63,1.0,0
4850,3213,textrank,text_baseline,ok,,0.6060606060606061,0.4,0.37878787878787873,0.0,0.08403361344537816,0.09756097560975607,3213,26,0.00021499999274965376,0.004086900007678196,Tổng_thống Hàn_Quốc Roh_Moo_Hyun và phu_nhân trở_về Hàn_Quốc ( giữa ) sau hội_nghị thượng_đỉnh liên Triều lần 2 năm 2007 - Ảnh : NYT . Nhà_lãnh_đạo Triều_Tiên_Kim_Jong_Il đón_tiếp Tổng_thống Hàn_Quốc Roh_Moo_Hyun ( phải ) tại Bình_Nhưỡng ngày 2-10-2007 - Ảnh : REUTERS .,True,1.0,0,1.0,0
4850,3213,textrank,file_txt,ok,,0.6060606060606061,0.4,0.37878787878787873,0.0,0.08403361344537816,0.09756097560975607,3213,26,0.004947199995513074,0.004046400004881434,Tổng_thống Hàn_Quốc Roh_Moo_Hyun và phu_nhân trở_về Hàn_Quốc ( giữa ) sau hội_nghị thượng_đỉnh liên Triều lần 2 năm 2007 - Ảnh : NYT . Nhà_lãnh_đạo Triều_Tiên_Kim_Jong_Il đón_tiếp Tổng_thống Hàn_Quốc Roh_Moo_Hyun ( phải ) tại Bình_Nhưỡng ngày 2-10-2007 - Ảnh : REUTERS .,True,1.0,0,1.0,0
4850,3213,textrank,file_docx,ok,,0.6060606060606061,0.4,0.37878787878787873,0.0,0.08403361344537816,0.09756097560975607,3213,26,0.019935599993914366,0.0048039000103017315,Tổng_thống Hàn_Quốc Roh_Moo_Hyun và phu_nhân trở_về Hàn_Quốc ( giữa ) sau hội_nghị thượng_đỉnh liên Triều lần 2 năm 2007 - Ảnh : NYT . Nhà_lãnh_đạo Triều_Tiên_Kim_Jong_Il đón_tiếp Tổng_thống Hàn_Quốc Roh_Moo_Hyun ( phải ) tại Bình_Nhưỡng ngày 2-10-2007 - Ảnh : REUTERS .,True,1.0,0,1.0,0
4850,3213,textrank,file_pdf,ok,,0.6585365853658537,0.375,0.36585365853658536,-0.012934220251293371,0.029548989113530325,0.0,3215,84,0.01776689999678638,0.028771299999789335,"t?_ch?c th??ng_??nh liên Tri?u l?n 2 t?i
Bình_Nh??ng . là m?t ?i?u_kho?n "" , T?ng_th?ng Roh nh?",False,1.0006224712107066,58,0.9985855728429985,0
19760,1719,textrank,text_baseline,ok,,0.6428571428571428,0.30434782608695654,0.3571428571428571,0.0,0.14136125654450263,0.475,1719,16,0.0001269999920623377,0.001705200003925711,Tàu khách dân_sự đầu_tiên dự_kiến được đưa vào sử_dụng trong 2015 tạo thuận_lợi đi_lại giữa đất_liền và đảo Cồn_Cỏ . Hoàng_Táo Tàu khách dân_sự đầu_tiên dự_kiến được đưa vào sử_dụng trong 2015 tạo thuận_lợi đi_lại giữa đất_liền và đảo Cồn_Cỏ .,True,1.0,0,1.0,0
19760,1719,textrank,file_txt,ok,,0.6428571428571428,0.30434782608695654,0.3571428571428571,0.0,0.14136125654450263,0.475,1719,16,0.002797600012854673,0.0015565000066999346,Tàu khách dân_sự đầu_tiên dự_kiến được đưa vào sử_dụng trong 2015 tạo thuận_lợi đi_lại giữa đất_liền và đảo Cồn_Cỏ . Hoàng_Táo Tàu khách dân_sự đầu_tiên dự_kiến được đưa vào sử_dụng trong 2015 tạo thuận_lợi đi_lại giữa đất_liền và đảo Cồn_Cỏ .,True,1.0,0,1.0,0
19760,1719,textrank,file_docx,ok,,0.6428571428571428,0.30434782608695654,0.3571428571428571,0.0,0.14136125654450263,0.475,1719,16,0.01920619999873452,0.0015696000045863912,Tàu khách dân_sự đầu_tiên dự_kiến được đưa vào sử_dụng trong 2015 tạo thuận_lợi đi_lại giữa đất_liền và đảo Cồn_Cỏ . Hoàng_Táo Tàu khách dân_sự đầu_tiên dự_kiến được đưa vào sử_dụng trong 2015 tạo thuận_lợi đi_lại giữa đất_liền và đảo Cồn_Cỏ .,True,1.0,0,1.0,0
19760,1719,textrank,file_pdf,ok,,0.6229508196721312,0.2833333333333333,0.3770491803278689,0.019906323185011787,0.11343804537521815,0.4838709677419355,1719,61,0.013874099997337908,0.013275199991767295,"??u_tiên d?_ki?n ???c ??a vào s?_d?ng trong 2015 t?o thu?n_l?i ?i_l?i gi?a ??t_li?n và ??o
C?n_C? ??u_tiên d?_ki?n ???c ??a vào s?_d?ng trong 2015 t?o thu?n_l?i ?i_l?i gi?a ??t_li?n và ??o C?n_C?",False,1.0,45,1.0,0
2581,3225,textrank,text_baseline,ok,,0.7100591715976331,0.4550898203592814,0.40236686390532544,0.0,0.09426356589147286,0.09999999999999998,3225,19,0.0001917000045068562,0.0028091999993193895,"Ngày 7-8 , đại_diện báo Tuổi_Trẻ tại Thanh_Hoá phối_hợp với Đảng_uỷ , UBND xã Na_Mèo , huyện Quan_Sơn đến bản Sa_Ná trao tiền của bạn_đọc báo Tuổi_Trẻ cho 34 hộ dân của bản bị mất nhà do đợt mưa_lũ vừa_qua . Người_dân bản Sa_Ná , xã Na_Mèo , huyện Quan_Sơn đi nhận hàng cứu_trợ ngày 7-8 - Ảnh : HÀ_ĐỒNG .",True,1.0,0,1.0,0
2581,3225,textrank,file_txt,ok,,0.7100591715976331,0.4550898203592814,0.40236686390532544,0.0,0.09426356589147286,0.09999999999999998,3225,19,0.004862699992372654,0.003039799994439818,"Ngày 7-8 , đại_diện báo Tuổi_Trẻ tại Thanh_Hoá phối_hợp với Đảng_uỷ , UBND xã Na_Mèo , huyện Quan_Sơn đến bản Sa_Ná trao tiền của bạn_đọc báo Tuổi_Trẻ cho 34 hộ dân của bản bị mất nhà do đợt mưa_lũ vừa_qua . Người_dân bản Sa_Ná , xã Na_Mèo , huyện Quan_Sơn đi nhận hàng cứu_trợ ngày 7-8 - Ảnh : HÀ_ĐỒNG .",True,1.0,0,1.0,0
2581,3225,textrank,file_docx,ok,,0.7100591715976331,0.4550898203592814,0.40236686390532544,0.0,0.09426356589147286,0.09999999999999998,3225,19,0.02001870000094641,0.0030147999932523817,"Ngày 7-8 , đại_diện báo Tuổi_Trẻ tại Thanh_Hoá phối_hợp với Đảng_uỷ , UBND xã Na_Mèo , huyện Quan_Sơn đến bản Sa_Ná trao tiền của bạn_đọc báo Tuổi_Trẻ cho 34 hộ dân của bản bị mất nhà do đợt mưa_lũ vừa_qua . Người_dân bản Sa_Ná , xã Na_Mèo , huyện Quan_Sơn đi nhận hàng cứu_trợ ngày 7-8 - Ảnh : HÀ_ĐỒNG .",True,1.0,0,1.0,0
2581,3225,textrank,file_pdf,ok,,0.5769230769230769,0.0980392156862745,0.28846153846153844,-0.11390532544378701,0.03594669972110319,0.0,3227,108,0.0180298000050243,0.04523439999320544,", h?_h?ng n?ng , ph?i vay_m??n ti?n c?a ng??i_thân tu s?a . , t?ng b??c ?n_??nh cu?c_s?ng "" - Anh Hà_V?n_B??i tâm_s?",False,1.0006201550387597,89,1.0,0
5590,2274,textrank,text_baseline,ok,,0.46391752577319584,0.13541666666666669,0.26804123711340205,0.0,0.17985927880386984,0.0117647058823529,2274,15,0.00017579999985173345,0.0014990999916335568,"Tuyên bố trước các nhà báo tại Bắc Kinh ngày 29-1 , ông Wen_Ku - một quan chức cấp cao của Bộ công nghiệp và Công nghệ thông_tin Trung_Quốc , chỉ trích các cáo buộc của Mỹ là "" bất công và vô đạo đức "" . Hãng tin AFP cho_biết Bộ Tư_pháp Mỹ ngày 28-1 đã công_bố 13 cáo_buộc chống lại bà Mạnh ( hiện đang được bảo_lãnh tại_ngoại ở Canada ) và 3 chi_nhánh liên_quan đến việc vi_phạm lệnh trừng_phạt Iran của Mỹ .",True,1.0,0,1.0,0
5590,2274,textrank,file_txt,ok,,0.46391752577319584,0.13541666666666669,0.26804123711340205,0.0,0.17985927880386984,0.0117647058823529,2274,15,0.0033174999989569187,0.0015682000084780157,"Tuyên bố trước các nhà báo tại Bắc Kinh ngày 29-1 , ông Wen_Ku - một quan chức cấp cao của Bộ công nghiệp và Công nghệ thông_tin Trung_Quốc , chỉ trích các cáo buộc của Mỹ là "" bất công và vô đạo đức "" . Hãng tin AFP cho_biết Bộ Tư_pháp Mỹ ngày 28-1 đã công_bố 13 cáo_buộc chống lại bà Mạnh ( hiện đang được bảo_lãnh tại_ngoại ở Canada ) và 3 chi_nhánh liên_quan đến việc vi_phạm lệnh trừng_phạt Iran của Mỹ .",True,1.0,0,1.0,0
5590,2274,textrank,file_docx,ok,,0.46391752577319584,0.13541666666666669,0.26804123711340205,0.0,0.17985927880386984,0.0117647058823529,2274,15,0.019899799997801892,0.0017862999957287684,"Tuyên bố trước các nhà báo tại Bắc Kinh ngày 29-1 , ông Wen_Ku - một quan chức cấp cao của Bộ công nghiệp và Công nghệ thông_tin Trung_Quốc , chỉ trích các cáo buộc của Mỹ là "" bất công và vô đạo đức "" . Hãng tin AFP cho_biết Bộ Tư_pháp Mỹ ngày 28-1 đã công_bố 13 cáo_buộc chống lại bà Mạnh ( hiện đang được bảo_lãnh tại_ngoại ở Canada ) và 3 chi_nhánh liên_quan đến việc vi_phạm lệnh trừng_phạt Iran của Mỹ .",True,1.0,0,1.0,0
5590,2274,textrank,file_pdf,ok,,0.5151515151515151,0.12307692307692308,0.27272727272727276,0.004686035613870709,0.09762532981530343,0.0,2274,70,0.01636730000609532,0.022281700003077276,"tr??c các nhà báo t?i B?c Kinh ngày 29-1 , ông Wen_Ku - m?t quan ch?c c?p cao c?a B? Tr??ng_h?p c?a bà
M?nh ?ã gây ra m?t cu?c kh?ng_ho?ng l?n gi?a Ottawa và B?c_Kinh và liên_quan m?t_thi?t ??n Washington
do Canada b?t_gi?",False,1.0,55,1.0,0
14528,2931,textrank,text_baseline,ok,,0.5034965034965034,0.24647887323943662,0.2867132867132867,0.0,0.21392016376663256,0.02941176470588236,2931,17,0.0001880000054370612,0.0019566000119084492,"Do_vậy , bộ GTVT đề_nghị Uỷ_ban_nhân_dân tỉnh Quảng_Ninh chỉ_đạo Sở GTVT Quảng_Ninh khẩn_trương yêu_cầu nhà_đầu_tư , Công_ty_Cổ_phần BOT Bạch_Đằng chỉ_đạo các đơn_vị tư_vấn thiết_kế , tư_vấn chuyển_giao công_nghệ , tư_vấn giám_sát kiểm_tra hiện_trường nghiên_cứu , đánh_giá các yếu_tố kỹ_thuật của cầu , trắc dọc cầu , ổn_định trụ tháp , ứng suất dây văng … Về nguyên_nhân dẫn đến hiện_tượng lún võng , trao_đổi với báo Giao_Thông vào ngày 3/11 , ông Nguyễn_Tiến_Oánh , Phó tổng_giám_đốc Công_ty CP BOT cầu Bạch_Đằng lý_giải , đây không phải là tình_trạng lún võng do khai_thác mà là sự chênh_lệch cao_độ giữa các đốt đúc dầm .",True,1.0,0,1.0,0
14528,2931,textrank,file_txt,ok,,0.5034965034965034,0.24647887323943662,0.2867132867132867,0.0,0.21392016376663256,0.02941176470588236,2931,17,0.004262899994500913,0.0021315999911166728,"Do_vậy , bộ GTVT đề_nghị Uỷ_ban_nhân_dân tỉnh Quảng_Ninh chỉ_đạo Sở GTVT Quảng_Ninh khẩn_trương yêu_cầu nhà_đầu_tư , Công_ty_Cổ_phần BOT Bạch_Đằng chỉ_đạo các đơn_vị tư_vấn thiết_kế , tư_vấn chuyển_giao công_nghệ , tư_vấn giám_sát kiểm_tra hiện_trường nghiên_cứu , đánh_giá các yếu_tố kỹ_thuật của cầu , trắc dọc cầu , ổn_định trụ tháp , ứng suất dây văng … Về nguyên_nhân dẫn đến hiện_tượng lún võng , trao_đổi với báo Giao_Thông vào ngày 3/11 , ông Nguyễn_Tiến_Oánh , Phó tổng_giám_đốc Công_ty CP BOT cầu Bạch_Đằng lý_giải , đây không phải là tình_trạng lún võng do khai_thác mà là sự chênh_lệch cao_độ giữa các đốt đúc dầm .",True,1.0,0,1.0,0
14528,2931,textrank,file_docx,ok,,0.5034965034965034,0.24647887323943662,0.2867132867132867,0.0,0.21392016376663256,0.02941176470588236,2931,17,0.019000400003278628,0.002013100005569868,"Do_vậy , bộ GTVT đề_nghị Uỷ_ban_nhân_dân tỉnh Quảng_Ninh chỉ_đạo Sở GTVT Quảng_Ninh khẩn_trương yêu_cầu nhà_đầu_tư , Công_ty_Cổ_phần BOT Bạch_Đằng chỉ_đạo các đơn_vị tư_vấn thiết_kế , tư_vấn chuyển_giao công_nghệ , tư_vấn giám_sát kiểm_tra hiện_trường nghiên_cứu , đánh_giá các yếu_tố kỹ_thuật của cầu , trắc dọc cầu , ổn_định trụ tháp , ứng suất dây văng … Về nguyên_nhân dẫn đến hiện_tượng lún võng , trao_đổi với báo Giao_Thông vào ngày 3/11 , ông Nguyễn_Tiến_Oánh , Phó tổng_giám_đốc Công_ty CP BOT cầu Bạch_Đằng lý_giải , đây không phải là tình_trạng lún võng do khai_thác mà là sự chênh_lệch cao_độ giữa các đốt đúc dầm .",True,1.0,0,1.0,0
14528,2931,textrank,file_pdf,ok,,0.594871794871795,0.25906735751295334,0.31794871794871793,0.03123543123543121,0.11664392905866303,0.0714285714285714,2932,65,0.016509499997482635,0.025129500005277805,"V?n_b?n ghi rõ , th?i_gian g?n ?ây , các ph??ng_ti?n truy?n_thông ph?n_ánh vi?c c?u B?ch_??ng sau khi
thông xe có hi?n_t??ng lún võng , không b?ng_ph?ng , ?nh_h??ng ??n an_toàn giao_thông khi các
ph??ng_ti?n tham_gia l?u_thông trên c?u v?i t?c_?? ( T?ng_h?p ) C?u B?ch_??ng xu?t_hi?n hi?n_t??ng lún
võng , m?t th?ng_b?ng ( ?nh : Pháp_lu?t TP.",False,1.0003411804844762,48,1.0,0
