guid,article_char_len,format,status,error,rouge1_f,rouge2_f,rougeL_f,compression_ratio,repetition_rate,cleaned_char_len,sentence_count,ingest_latency_sec,summarize_latency_sec,predicted_summary
494,1598,text_baseline,ok,,0.425287356321839,0.12790697674418605,0.24137931034482757,0.24718397997496871,0.022222222222222254,1598,15,0.00026210000000004285,0.0003603000000000911,"Trước đó , chiều 4/5 anh Đức liên tục nhận được điện thoại từ 4 số lạ gọi đến với nội dung đe dọa đến bản thân anh và gia đình của anh . Theo anh Đức , thời_gian qua , đã đưa tin , phản ánh nhiều vụ việc phức tạp , tiêu_cực , ảnh hưởng đến quyền lợi của một số cá nhân , tổ_chức nên nghi_ngờ bị kẻ xấu đe_đoạ , trả_thù . Ngay sau đó , một tổ công_tác của phòng Cảnh_sát hình_sự được cử xuống TP."
494,1598,file_txt,ok,,0.425287356321839,0.12790697674418605,0.24137931034482757,0.24718397997496871,0.022222222222222254,1598,15,0.0016855000000002285,0.00025209999999997734,"Trước đó , chiều 4/5 anh Đức liên tục nhận được điện thoại từ 4 số lạ gọi đến với nội dung đe dọa đến bản thân anh và gia đình của anh . Theo anh Đức , thời_gian qua , đã đưa tin , phản ánh nhiều vụ việc phức tạp , tiêu_cực , ảnh hưởng đến quyền lợi của một số cá nhân , tổ_chức nên nghi_ngờ bị kẻ xấu đe_đoạ , trả_thù . Ngay sau đó , một tổ công_tác của phòng Cảnh_sát hình_sự được cử xuống TP."
494,1598,file_docx,ok,,0.425287356321839,0.12790697674418605,0.24137931034482757,0.24718397997496871,0.022222222222222254,1598,15,0.021643099999999915,0.0002812999999997068,"Trước đó , chiều 4/5 anh Đức liên tục nhận được điện thoại từ 4 số lạ gọi đến với nội dung đe dọa đến bản thân anh và gia đình của anh . Theo anh Đức , thời_gian qua , đã đưa tin , phản ánh nhiều vụ việc phức tạp , tiêu_cực , ảnh hưởng đến quyền lợi của một số cá nhân , tổ_chức nên nghi_ngờ bị kẻ xấu đe_đoạ , trả_thù . Ngay sau đó , một tổ công_tác của phòng Cảnh_sát hình_sự được cử xuống TP."
494,1598,file_pdf,ok,,0.0392156862745098,0.0,0.0392156862745098,0.015644555694618274,0.16666666666666663,1598,53,0.012673399999999724,0.00036380000000013624,"thuê ? , tr?_thù . thuê ?"
8563,2618,text_baseline,ok,,0.31521739130434784,0.13186813186813187,0.19565217391304346,0.18983957219251338,0.0,2618,17,0.00014280000000033155,0.0003566000000003733,"Chuyến thăm này của ông Kommasith diễn ra trong ba ngày 8-10/6 , theo lời mời của Phó thủ_tướng , Bộ_trưởng Ngoại_giao Việt_Nam_Phạm_Bình_Minh , ông Lê_Hải_Bình , người_phát_ngôn Bộ Ngoại_giao cho_biết chiều nay . Philippines đã sử_dụng công_cụ pháp_lý , đệ đơn kiện lên Toà_án Trọng_tài Thường_trực ở The_Hague ( La_Haye ) , Hà_Lan , từ tháng 1/2013 , cho_rằng yêu_sách chủ_quyền của Trung_Quốc tại Biển_Đông không phù_hợp với UNCLOS và cần được tuyên_bố là không có căn_cứ . Ảnh minh_hoạ : TTXVN"
8563,2618,file_txt,ok,,0.31521739130434784,0.13186813186813187,0.19565217391304346,0.18983957219251338,0.0,2618,17,0.00247850000000005,0.0004849000000000103,"Chuyến thăm này của ông Kommasith diễn ra trong ba ngày 8-10/6 , theo lời mời của Phó thủ_tướng , Bộ_trưởng Ngoại_giao Việt_Nam_Phạm_Bình_Minh , ông Lê_Hải_Bình , người_phát_ngôn Bộ Ngoại_giao cho_biết chiều nay . Philippines đã sử_dụng công_cụ pháp_lý , đệ đơn kiện lên Toà_án Trọng_tài Thường_trực ở The_Hague ( La_Haye ) , Hà_Lan , từ tháng 1/2013 , cho_rằng yêu_sách chủ_quyền của Trung_Quốc tại Biển_Đông không phù_hợp với UNCLOS và cần được tuyên_bố là không có căn_cứ . Ảnh minh_hoạ : TTXVN"
8563,2618,file_docx,ok,,0.31521739130434784,0.13186813186813187,0.19565217391304346,0.18983957219251338,0.0,2618,17,0.019074600000000164,0.00039220000000028676,"Chuyến thăm này của ông Kommasith diễn ra trong ba ngày 8-10/6 , theo lời mời của Phó thủ_tướng , Bộ_trưởng Ngoại_giao Việt_Nam_Phạm_Bình_Minh , ông Lê_Hải_Bình , người_phát_ngôn Bộ Ngoại_giao cho_biết chiều nay . Philippines đã sử_dụng công_cụ pháp_lý , đệ đơn kiện lên Toà_án Trọng_tài Thường_trực ở The_Hague ( La_Haye ) , Hà_Lan , từ tháng 1/2013 , cho_rằng yêu_sách chủ_quyền của Trung_Quốc tại Biển_Đông không phù_hợp với UNCLOS và cần được tuyên_bố là không có căn_cứ . Ảnh minh_hoạ : TTXVN"
8563,2618,file_pdf,ok,,0.08695652173913043,0.0,0.08695652173913043,0.025954198473282442,0.0,2620,65,0.012765400000000149,0.000537099999999846,"The_Hague ( La_Haye ) ,
Hà_Lan , t? Philippines ?ang ??_ngh? : TTXVN"
